sample_year,state_code,region,quarter,mean_varroa,max_varroa,nosema,abpv,amsv1,cbpv,dwv,dwvb,iapv,kbv,lsv2
2015,AL,Southeast,Q2,2.366,8.0,0.14333333333333334,0.0,0.0,50.0,52.5,0.0,30.0,90.0,38.57142857142857
2015,AL,Southeast,Q3,4.143,12.09,0.09,90.0,0.0,0.0,61.25,0.0,0.0,40.0,30.0
2015,AL,Southeast,Q4,9.085,10.98,0.0,0.0,0.0,0.0,60.0,0.0,0.0,0.0,30.0
2015,AR,South,Q2,2.397272727272727,6.43,0.01363636363636364,0.0,0.0,70.0,56.0,0.0,0.0,0.0,43.333333333333336
2015,AR,South,Q3,3.7483333333333335,8.11,0.020833333333333332,50.0,0.0,90.0,68.18181818181819,0.0,80.0,0.0,45.0
2015,CA,West,Q1,0.7911764705882354,5.45,2.4176470588235297,48.333333333333336,0.0,30.0,61.333333333333336,0.0,30.0,80.0,72.85714285714286
2015,CA,West,Q2,0.8990909090909092,5.17,0.2,30.0,0.0,60.0,30.0,0.0,40.0,30.0,32.5
2015,CA,West,Q4,1.95,11.76,0.11666666666666667,53.75,0.0,0.0,58.57142857142857,0.0,30.0,50.0,60.0
2015,CT,Northeast,Q2,0.39,0.78,3.1750000000000003,0.0,0.0,0.0,30.0,0.0,0.0,0.0,80.0
2015,CT,Northeast,Q3,2.3286363636363636,16.19,0.1318181818181818,0.0,0.0,30.0,40.0,0.0,0.0,0.0,46.0
2015,FL,Southeast,Q1,0.372,1.07,0.12,30.0,0.0,90.0,35.0,0.0,0.0,0.0,86.66666666666667
2015,FL,Southeast,Q3,2.1,4.13,0.0,0.0,0.0,0.0,45.0,0.0,0.0,0.0,0.0
2015,FL,Southeast,Q4,7.196666666666666,28.17,0.2833333333333333,54.0,0.0,0.0,68.0,0.0,30.0,0.0,43.333333333333336
2015,GA,Southeast,Q3,0.992,7.72,0.09,33.333333333333336,0.0,30.0,59.473684210526315,0.0,30.0,0.0,30.0
2015,GA,Southeast,Q4,7.89,7.89,0.0,0.0,0.0,0.0,40.0,0.0,0.0,0.0,0.0
2015,HI,Hawaii,Q1,0.8999999999999999,3.56,0.6749999999999999,30.0,0.0,30.0,30.0,0.0,30.0,0.0,0.0
2015,HI,Hawaii,Q2,1.95,5.85,0.0,30.0,0.0,0.0,30.0,0.0,0.0,0.0,0.0
2015,HI,Hawaii,Q3,2.54625,6.75,0.19375,46.666666666666664,0.0,0.0,70.0,0.0,0.0,0.0,0.0
2015,HI,Hawaii,Q4,0.0,0.0,0.5625,65.0,0.0,0.0,0.0,0.0,0.0,30.0,30.0
2015,IA,Upper Midwest,Q2,0.35,0.35,0.35,0.0,0.0,0.0,30.0,0.0,90.0,90.0,70.0
2015,IA,Upper Midwest,Q3,2.3200000000000003,5.54,0.0,0.0,0.0,80.0,40.0,0.0,60.0,50.0,0.0
2015,IA,Upper Midwest,Q4,7.4825,23.92,0.2875,0.0,0.0,0.0,53.333333333333336,0.0,0.0,0.0,0.0
2015,ID,Northwest,Q2,2.59,2.59,0.0,0.0,0.0,0.0,30.0,0.0,0.0,0.0,0.0
2015,ID,Northwest,Q3,3.5345454545454547,26.67,0.00909090909090909,43.333333333333336,0.0,53.333333333333336,47.36842105263158,0.0,50.0,0.0,42.5
2015,ID,Northwest,Q4,1.69,1.69,0.0,60.0,0.0,0.0,70.0,0.0,0.0,0.0,0.0
2015,IL,Ohio Valley,Q3,4.205,12.52,0.04583333333333334,61.25,0.0,33.333333333333336,62.17391304347826,0.0,52.857142857142854,70.0,30.0
2015,IN,Ohio Valley,Q2,0.23,0.23,0.2,0.0,0.0,0.0,30.0,0.0,0.0,0.0,0.0
2015,IN,Ohio Valley,Q3,6.671304347826087,21.15,0.056521739130434775,60.0,0.0,55.0,67.14285714285714,0.0,67.5,30.0,53.333333333333336
2015,KY,Ohio Valley,Q3,4.61875,9.89,0.0375,43.333333333333336,0.0,0.0,63.333333333333336,0.0,40.0,0.0,43.333333333333336
2015,KY,Ohio Valley,Q4,4.28,7.57,0.037500000000000006,73.33333333333333,0.0,75.0,57.5,0.0,0.0,0.0,60.0
2015,MD,Northeast,Q4,7.623333333333334,19.07,0.21666666666666667,50.0,0.0,0.0,70.0,0.0,0.0,0.0,0.0
2015,MI,Upper Midwest,Q2,1.02,1.72,0.16666666666666666,0.0,0.0,0.0,33.333333333333336,0.0,35.0,0.0,86.66666666666667
2015,MI,Upper Midwest,Q3,0.21,0.21,0.0,0.0,0.0,0.0,30.0,0.0,60.0,40.0,90.0
2015,MI,Upper Midwest,Q4,5.993478260869565,20.75,0.1391304347826087,43.84615384615385,0.0,65.0,62.608695652173914,0.0,44.44444444444444,50.0,47.77777777777778
2015,MN,Upper Midwest,Q2,0.868,4.73,0.16,0.0,0.0,0.0,35.0,0.0,51.25,90.0,66.66666666666667
2015,MN,Upper Midwest,Q3,7.745,16.19,0.0375,65.0,0.0,30.0,80.0,0.0,35.0,40.0,30.0
2015,MN,Upper Midwest,Q4,13.23,16.58,0.05,70.0,0.0,30.0,67.5,0.0,53.333333333333336,30.0,30.0
2015,MT,Northern Rockies & Plains,Q2,0.81,4.31,0.25263157894736843,0.0,0.0,70.0,51.333333333333336,0.0,80.0,0.0,72.5
2015,MT,Northern Rockies & Plains,Q3,5.527272727272727,17.39,0.022727272727272728,30.0,0.0,45.0,56.0,0.0,65.0,70.0,52.0
2015,NC,Southeast,Q3,4.701818181818182,8.32,0.16818181818181818,30.0,0.0,30.0,64.0,0.0,70.0,40.0,30.0
2015,ND,Northern Rockies & Plains,Q3,0.77,4.75,0.00625,0.0,0.0,0.0,44.285714285714285,0.0,30.0,30.0,0.0
2015,ND,Northern Rockies & Plains,Q4,0.0,0.0,0.0,0.0,0.0,0.0,90.0,0.0,0.0,0.0,30.0
2015,NJ,Northeast,Q2,1.4166666666666667,3.55,0.6166666666666667,0.0,0.0,0.0,55.0,0.0,0.0,0.0,50.0
2015,NJ,Northeast,Q3,4.228695652173913,12.47,0.2456521739130435,63.333333333333336,0.0,50.0,60.0,0.0,34.0,30.0,55.0
2015,NJ,Northeast,Q4,5.2625,9.97,0.0,60.0,0.0,30.0,72.5,0.0,80.0,0.0,0.0
2015,NM,Southwest,Q3,14.152222222222223,22.38,0.05555555555555555,0.0,0.0,50.0,68.88888888888889,0.0,55.0,0.0,0.0
2015,NM,Southwest,Q4,11.568666666666667,28.33,0.0,50.0,0.0,0.0,58.0,0.0,0.0,30.0,30.0
2015,NY,Northeast,Q2,1.6527777777777777,11.15,0.375,0.0,0.0,63.333333333333336,61.875,0.0,50.0,30.0,50.833333333333336
2015,NY,Northeast,Q3,1.9214285714285713,3.76,0.0642857142857143,90.0,0.0,0.0,65.0,0.0,50.0,0.0,64.0
2015,OH,Ohio Valley,Q3,3.6263636363636365,8.95,0.04318181818181818,35.55555555555556,0.0,40.0,58.18181818181818,0.0,52.0,30.0,35.0
2015,OH,Ohio Valley,Q4,7.11,7.11,0.0,90.0,0.0,0.0,60.0,0.0,0.0,0.0,0.0
2015,PA,Northeast,Q2,1.1666666666666667,5.84,0.15,0.0,0.0,0.0,50.0,0.0,60.0,0.0,32.5
2015,PA,Northeast,Q3,3.5725,10.02,0.08125,0.0,0.0,60.0,53.333333333333336,0.0,30.0,0.0,50.0
2015,PA,Northeast,Q4,18.4,18.4,0.5,30.0,0.0,0.0,70.0,0.0,0.0,0.0,30.0
2015,SC,Southeast,Q2,2.17,6.51,0.0,0.0,0.0,0.0,67.5,0.0,60.0,70.0,40.0
2015,SC,Southeast,Q3,3.055,6.19,0.037500000000000006,70.0,0.0,60.0,73.33333333333333,0.0,60.0,50.0,40.0
2015,SD,Northern Rockies & Plains,Q2,0.6633333333333333,3.65,1.7555555555555555,30.0,0.0,0.0,46.0,0.0,44.0,0.0,51.42857142857143
2015,SD,Northern Rockies & Plains,Q3,2.19,11.09,0.60625,70.0,0.0,40.0,57.142857142857146,0.0,0.0,0.0,40.0
2015,SD,Northern Rockies & Plains,Q4,3.527333333333333,13.7,0.11333333333333333,63.75,0.0,30.0,55.0,0.0,50.0,35.0,43.333333333333336
2015,TN,Southeast,Q2,3.3113333333333332,9.16,0.06333333333333332,0.0,0.0,70.0,56.666666666666664,0.0,56.666666666666664,90.0,60.0
2015,TX,South,Q1,1.366,4.75,0.22000000000000003,0.0,0.0,0.0,46.666666666666664,0.0,0.0,70.0,50.0
2015,TX,South,Q2,1.4799999999999998,3.05,0.65,75.0,0.0,40.0,38.0,0.0,33.333333333333336,80.0,46.666666666666664
2015,TX,South,Q3,3.48,6.77,0.008333333333333333,47.5,0.0,30.0,71.66666666666667,0.0,90.0,0.0,63.333333333333336
2015,TX,South,Q4,0.45999999999999996,1.91,0.030000000000000006,0.0,0.0,0.0,40.0,0.0,0.0,0.0,40.0
2015,UT,Southwest,Q1,0.5,0.5,0.0,0.0,0.0,0.0,0.0,0.0,0.0,0.0,30.0
2015,UT,Southwest,Q2,0.891875,4.5,0.08437499999999999,30.0,0.0,60.0,41.0,0.0,48.57142857142857,90.0,53.333333333333336
2015,UT,Southwest,Q3,6.0042857142857144,14.59,0.19285714285714287,0.0,0.0,40.0,61.42857142857143,0.0,85.0,66.66666666666667,55.0
2015,VA,Southeast,Q2,1.2333333333333334,3.33,0.09999999999999999,0.0,0.0,0.0,66.66666666666667,0.0,0.0,0.0,30.0
2015,VA,Southeast,Q3,5.977499999999999,12.82,0.3666666666666667,40.0,0.0,30.0,63.333333333333336,0.0,30.0,0.0,55.0
2015,VA,Southeast,Q4,5.537777777777778,15.16,0.1111111111111111,46.666666666666664,0.0,80.0,67.77777777777777,0.0,30.0,55.0,50.0
2015,VT,Northeast,Q2,5.4350000000000005,8.05,0.775,0.0,0.0,30.0,85.0,0.0,0.0,0.0,75.0
2015,VT,Northeast,Q3,3.480454545454545,9.53,0.12272727272727274,0.0,0.0,52.0,61.578947368421055,0.0,40.0,0.0,30.0
2015,WI,Upper Midwest,Q2,2.08375,5.57,0.1375,50.0,0.0,30.0,56.666666666666664,0.0,40.0,0.0,66.66666666666667
2015,WI,Upper Midwest,Q3,13.063846153846155,47.39,0.18846153846153849,30.0,0.0,46.666666666666664,66.15384615384616,0.0,62.5,40.0,40.0
2015,WI,Upper Midwest,Q4,13.555,26.82,0.30000000000000004,90.0,0.0,0.0,85.0,0.0,60.0,60.0,70.0
2015,WV,Ohio Valley,Q3,4.557916666666666,13.32,0.01875,30.0,0.0,42.0,56.52173913043478,0.0,30.0,0.0,38.333333333333336
2016,AL,Southeast,Q1,2.0020000000000002,4.49,0.030000000000000006,0.0,0.0,0.0,50.0,0.0,30.0,0.0,80.0
2016,AL,Southeast,Q2,1.6157142857142859,5.64,0.19285714285714287,0.0,0.0,30.0,60.0,0.0,80.0,0.0,40.0
2016,AL,Southeast,Q3,4.166,12.64,0.15,30.0,0.0,46.666666666666664,87.14285714285714,52.0,60.0,90.0,30.0
2016,CA,West,Q1,0.4853846153846154,1.81,0.6230769230769231,35.0,0.0,50.0,49.09090909090909,0.0,30.0,0.0,59.23076923076923
2016,CA,West,Q2,0.41555555555555557,1.19,0.7000000000000001,30.0,0.0,86.66666666666667,36.666666666666664,0.0,30.0,0.0,60.0
2016,CA,West,Q3,2.6585714285714284,10.82,0.2785714285714286,90.0,0.0,40.0,48.0,0.0,0.0,0.0,65.0
2016,CA,West,Q4,1.5646666666666667,7.73,1.09,47.5,0.0,0.0,73.57142857142857,75.0,60.0,65.0,68.33333333333333
2016,CO,Southwest,Q2,1.37,3.22,0.675,30.0,0.0,0.0,65.0,75.0,30.0,0.0,90.0
2016,CO,Southwest,Q3,2.8707142857142856,10.72,0.017857142857142856,50.0,0.0,30.0,55.45454545454545,58.333333333333336,90.0,0.0,63.333333333333336
2016,CO,Southwest,Q4,14.66,14.66,0.0,90.0,0.0,0.0,80.0,90.0,0.0,0.0,0.0
2016,CT,Northeast,Q2,0.615,1.17,0.0625,0.0,0.0,30.0,55.0,60.0,0.0,0.0,40.0
2016,CT,Northeast,Q3,3.4166666666666665,12.32,0.20416666666666664,30.0,0.0,0.0,61.0,36.666666666666664,0.0,60.0,90.0
2016,CT,Northeast,Q4,6.40125,14.96,0.1125,0.0,0.0,50.0,86.25,50.0,90.0,90.0,30.0
2016,DE,Northeast,Q2,2.1033333333333335,3.69,0.0,30.0,0.0,0.0,56.666666666666664,30.0,0.0,0.0,60.0
2016,DE,Northeast,Q3,1.95,11.09,0.140625,35.45454545454545,0.0,60.0,67.27272727272727,40.0,60.0,0.0,65.0
2016,DE,Northeast,Q4,0.99,0.99,0.05,60.0,0.0,0.0,50.0,30.0,0.0,0.0,0.0
2016,FL,Southeast,Q1,5.825,10.58,0.575,64.0,0.0,30.0,73.75,0.0,50.0,80.0,70.0
2016,FL,Southeast,Q4,5.163,19.53,0.6,57.5,0.0,75.0,75.0,64.0,90.0,70.0,46.666666666666664
2016,GA,Southeast,Q2,3.103333333333333,3.9,0.9499999999999998,0.0,0.0,0.0,66.66666666666667,0.0,30.0,0.0,30.0
2016,GA,Southeast,Q3,2.998333333333333,12.24,0.041666666666666664,44.0,0.0,0.0,75.29411764705883,50.833333333333336,45.0,0.0,60.0
2016,GA,Southeast,Q4,2.5416666666666665,7.67,0.15,30.0,0.0,32.5,72.0,50.0,0.0,0.0,60.0
2016,HI,Hawaii,Q1,0.8657142857142858,6.86,0.6607142857142857,35.0,0.0,0.0,54.0,0.0,0.0,0.0,0.0
2016,HI,Hawaii,Q2,1.4008333333333332,10.09,1.2125000000000001,40.0,0.0,50.0,48.333333333333336,0.0,30.0,0.0,0.0
2016,HI,Hawaii,Q3,2.0233333333333334,6.77,0.9583333333333334,38.0,0.0,70.0,83.33333333333333,90.0,70.0,80.0,30.0
2016,HI,Hawaii,Q4,0.0,0.0,1.575,36.666666666666664,0.0,0.0,0.0,0.0,0.0,0.0,0.0
2016,IA,Upper Midwest,Q2,2.417333333333333,13.66,0.24000000000000002,30.0,0.0,65.0,41.333333333333336,0.0,45.0,40.0,46.25
2016,IA,Upper Midwest,Q3,15.18,15.18,0.0,30.0,0.0,0.0,90.0,50.0,0.0,0.0,0.0
2016,IA,Upper Midwest,Q4,2.1625,4.47,0.8125,55.0,0.0,0.0,76.66666666666667,70.0,70.0,65.0,75.0
2016,ID,Northwest,Q2,0.85,3.25,0.22142857142857145,0.0,0.0,30.0,44.0,42.0,0.0,0.0,72.5
2016,ID,Northwest,Q3,2.9,15.15,0.0058823529411764705,30.0,0.0,30.0,66.36363636363636,57.142857142857146,76.66666666666667,0.0,60.0
2016,IL,Ohio Valley,Q2,1.14,1.14,0.0,30.0,0.0,0.0,40.0,30.0,80.0,80.0,70.0
2016,IL,Ohio Valley,Q3,3.113809523809524,7.48,0.08571428571428572,52.5,0.0,63.333333333333336,72.63157894736842,65.0,73.33333333333333,90.0,62.0
2016,IN,Ohio Valley,Q3,2.6375,6.44,0.06875,40.0,0.0,30.0,73.75,50.0,0.0,0.0,0.0
2016,IN,Ohio Valley,Q4,16.0225,26.85,0.0625,65.0,0.0,40.0,90.0,56.666666666666664,0.0,0.0,90.0
2016,KY,Ohio Valley,Q1,2.4899999999999998,5.06,0.0,0.0,0.0,0.0,30.0,0.0,0.0,0.0,40.0
2016,KY,Ohio Valley,Q2,2.888888888888889,8.77,0.03333333333333333,30.0,0.0,30.0,45.0,0.0,30.0,0.0,54.0
2016,KY,Ohio Valley,Q3,2.8762499999999998,6.8,0.04375,32.5,0.0,40.0,78.57142857142857,30.0,50.0,0.0,80.0
2016,KY,Ohio Valley,Q4,6.15,10.85,0.0,30.0,0.0,0.0,72.5,40.0,0.0,0.0,70.0
2016,LA,South,Q2,2.06,2.06,0.35,0.0,0.0,0.0,0.0,30.0,0.0,0.0,0.0
2016,LA,South,Q3,4.866666666666667,7.92,0.15,90.0,0.0,0.0,60.0,50.0,0.0,0.0,0.0
2016,LA,South,Q4,4.15,13.38,0.22749999999999998,50.0,0.0,50.0,63.5,47.142857142857146,30.0,0.0,56.0
2016,MA,Northeast,Q3,2.717916666666667,6.9,0.043750000000000004,40.0,0.0,70.0,73.91304347826087,63.333333333333336,63.333333333333336,0.0,71.66666666666667
2016,MD,Northeast,Q1,0.95,0.95,0.25,0.0,0.0,0.0,30.0,0.0,0.0,0.0,0.0
2016,MD,Northeast,Q2,1.5625,3.8,0.05,30.0,0.0,60.0,32.857142857142854,0.0,30.0,0.0,50.0
2016,MD,Northeast,Q3,4.265000000000001,6.19,0.275,0.0,0.0,30.0,35.0,90.0,90.0,80.0,60.0
2016,MD,Northeast,Q4,23.43,23.43,0.0,0.0,0.0,0.0,90.0,0.0,0.0,0.0,0.0
2016,MI,Upper Midwest,Q3,1.9400000000000002,2.97,0.0,0.0,0.0,70.0,70.0,90.0,0.0,0.0,90.0
2016,MI,Upper Midwest,Q4,3.7954999999999997,15.71,0.2375,57.69230769230769,0.0,53.333333333333336,74.0,75.0,61.111111111111114,80.0,71.53846153846153
2016,MN,Upper Midwest,Q2,1.24125,7.24,0.290625,40.0,0.0,55.0,31.333333333333332,0.0,44.285714285714285,50.0,56.666666666666664
2016,MN,Upper Midwest,Q3,9.81,15.69,0.0,90.0,0.0,40.0,85.0,90.0,90.0,0.0,0.0
2016,MN,Upper Midwest,Q4,7.234999999999999,17.8,0.15,52.5,0.0,0.0,62.5,85.0,90.0,80.0,30.0
2016,MS,Southeast,Q1,2.0725,6.51,0.0125,30.0,0.0,30.0,55.0,0.0,0.0,0.0,80.0
2016,MS,Southeast,Q2,3.4,7.66,0.5,0.0,0.0,0.0,48.57142857142857,0.0,0.0,40.0,30.0
2016,MT,Northern Rockies & Plains,Q2,0.762,2.25,0.315,0.0,0.0,60.0,32.5,90.0,31.666666666666668,60.0,55.714285714285715
2016,MT,Northern Rockies & Plains,Q3,3.0517391304347825,18.93,0.05652173913043478,30.0,0.0,56.666666666666664,52.63157894736842,49.04761904761905,70.0,0.0,74.16666666666667
2016,NC,Southeast,Q2,3.47,6.54,1.45,0.0,0.0,0.0,36.666666666666664,0.0,0.0,0.0,90.0
2016,NC,Southeast,Q4,0.75,0.75,0.4,0.0,0.0,0.0,70.0,0.0,0.0,0.0,0.0
2016,ND,Northern Rockies & Plains,Q2,0.45,1.13,0.9,0.0,0.0,50.0,30.0,0.0,30.0,0.0,53.333333333333336
2016,ND,Northern Rockies & Plains,Q3,3.089090909090909,13.46,0.6520833333333333,36.0,0.0,50.0,70.83333333333333,71.66666666666667,67.5,76.66666666666667,46.666666666666664
2016,NE,Northern Rockies & Plains,Q2,2.1942857142857144,6.09,0.014285714285714287,34.0,0.0,30.0,56.666666666666664,56.666666666666664,50.0,60.0,83.33333333333333
2016,NE,Northern Rockies & Plains,Q3,1.1658823529411766,7.44,0.05588235294117647,30.0,0.0,0.0,61.0,76.66666666666667,62.857142857142854,60.0,82.5
2016,NJ,Northeast,Q3,3.7646666666666664,13.06,0.16333333333333336,42.857142857142854,0.0,30.0,75.33333333333333,58.0,64.0,80.0,40.0
2016,NJ,Northeast,Q4,9.528888888888888,22.54,0.14444444444444446,32.0,0.0,40.0,87.5,71.42857142857143,80.0,0.0,0.0
2016,NM,Southwest,Q3,1.5423076923076924,2.59,0.07692307692307693,30.0,0.0,60.0,58.46153846153846,55.0,70.0,0.0,90.0
2016,NM,Southwest,Q4,6.546363636363637,15.43,0.009090909090909092,30.0,0.0,50.0,75.45454545454545,70.0,70.0,0.0,0.0
2016,NV,Southwest,Q3,1.9775,6.63,0.0,30.0,0.0,0.0,72.5,70.0,0.0,0.0,80.0
2016,NV,Southwest,Q4,3.20625,15.75,0.09375,45.0,0.0,30.0,75.0,80.0,60.0,70.0,57.5
2016,NY,Northeast,Q2,2.6887499999999998,9.25,0.24062499999999998,30.0,0.0,43.333333333333336,69.33333333333333,44.61538461538461,32.5,0.0,80.0
2016,NY,Northeast,Q3,2.4642857142857144,8.21,0.042857142857142864,30.0,0.0,50.0,87.14285714285714,58.0,65.0,80.0,90.0
2016,OH,Ohio Valley,Q2,3.69,3.69,0.0,30.0,0.0,0.0,30.0,0.0,50.0,50.0,60.0
2016,OR,Northwest,Q1,1.6733333333333331,3.73,2.533333333333333,80.0,0.0,46.666666666666664,46.666666666666664,0.0,30.0,0.0,60.0
2016,OR,Northwest,Q2,0.47181818181818186,1.73,0.8363636363636363,30.0,0.0,0.0,47.142857142857146,0.0,46.666666666666664,0.0,58.0
2016,OR,Northwest,Q3,2.6900000000000004,5.23,0.05,30.0,0.0,0.0,55.0,80.0,0.0,0.0,0.0
2016,PA,Northeast,Q2,1.012857142857143,2.75,1.292857142857143,0.0,0.0,0.0,38.333333333333336,0.0,0.0,0.0,55.0
2016,PA,Northeast,Q3,2.5516666666666667,7.81,0.061111111111111116,63.333333333333336,0.0,70.0,79.33333333333333,53.75,70.0,0.0,80.0
2016,PA,Northeast,Q4,11.04,11.04,0.45,90.0,0.0,30.0,90.0,80.0,0.0,0.0,40.0
2016,SC,Southeast,Q1,2.9716666666666662,11.59,0.2333333333333333,0.0,0.0,35.0,76.0,0.0,0.0,0.0,63.333333333333336
2016,SC,Southeast,Q2,2.543,14.56,0.255,0.0,0.0,45.0,50.0,0.0,36.666666666666664,0.0,51.25
2016,SD,Northern Rockies & Plains,Q3,2.1836842105263155,12.26,0.007894736842105263,48.57142857142857,0.0,0.0,66.66666666666667,75.38461538461539,30.0,0.0,74.28571428571429
2016,SD,Northern Rockies & Plains,Q4,5.614000000000001,18.17,0.0,35.0,0.0,35.0,77.5,70.0,65.0,80.0,90.0
2016,TN,Southeast,Q2,2.6342857142857143,9.33,0.014285714285714285,80.0,0.0,40.0,47.5,0.0,30.0,30.0,55.55555555555556
2016,TX,South,Q1,4.168,8.97,0.25,55.0,0.0,30.0,52.5,0.0,30.0,0.0,70.0
2016,TX,South,Q2,1.2333333333333334,5.88,0.2611111111111111,60.0,0.0,30.0,38.57142857142857,0.0,30.0,50.0,60.0
2016,TX,South,Q4,2.582222222222222,10.02,0.20555555555555557,60.0,0.0,0.0,66.66666666666667,44.285714285714285,70.0,0.0,66.0
2016,UT,Southwest,Q2,0.9472222222222223,3.48,0.2027777777777778,30.0,0.0,43.333333333333336,37.69230769230769,0.0,47.142857142857146,60.0,50.0
2016,UT,Southwest,Q3,3.7300000000000004,6.42,0.0,0.0,0.0,0.0,87.5,0.0,65.0,70.0,70.0
2016,UT,Southwest,Q4,12.44,13.59,0.0,75.0,0.0,0.0,60.0,90.0,90.0,0.0,0.0
2016,VA,Southeast,Q1,0.2,0.2,0.0,0.0,0.0,0.0,30.0,0.0,0.0,0.0,0.0
2016,VA,Southeast,Q2,3.200909090909091,6.97,0.03636363636363637,70.0,0.0,30.0,56.0,0.0,30.0,40.0,40.0
2016,VA,Southeast,Q3,5.755,7.99,0.0,0.0,0.0,0.0,90.0,0.0,0.0,0.0,0.0
2016,VA,Southeast,Q4,8.225,12.86,0.0,0.0,0.0,90.0,85.0,0.0,0.0,0.0,0.0
2016,VT,Northeast,Q2,2.1666666666666665,3.09,0.35000000000000003,0.0,0.0,0.0,50.0,70.0,0.0,0.0,80.0
2016,VT,Northeast,Q3,3.2890476190476186,9.9,0.13571428571428573,43.333333333333336,0.0,56.666666666666664,74.73684210526316,48.75,70.0,70.0,65.0
2016,WA,Northwest,Q2,2.7085,11.55,0.4875,30.0,0.0,42.5,41.578947368421055,0.0,44.0,45.0,61.666666666666664
2016,WA,Northwest,Q3,0.955,2.05,0.025,0.0,0.0,30.0,43.333333333333336,0.0,0.0,0.0,0.0
2016,WI,Upper Midwest,Q2,3.0785714285714287,9.84,0.014285714285714287,30.0,0.0,0.0,77.14285714285714,60.0,80.0,0.0,70.0
2016,WI,Upper Midwest,Q3,3.974285714285714,14.38,0.12500000000000003,56.0,0.0,0.0,65.0,72.72727272727273,45.0,70.0,80.0
2016,WI,Upper Midwest,Q4,2.223333333333333,3.53,0.016666666666666666,33.333333333333336,0.0,0.0,66.66666666666667,83.33333333333333,50.0,0.0,80.0
2016,WV,Ohio Valley,Q2,0.37,0.37,0.0,0.0,0.0,0.0,50.0,0.0,0.0,0.0,0.0
2016,WV,Ohio Valley,Q3,4.3454999999999995,12.24,0.05,40.0,0.0,33.333333333333336,73.88888888888889,57.5,0.0,0.0,66.66666666666667
2016,WV,Ohio Valley,Q4,5.433333333333334,9.94,0.016666666666666666,30.0,0.0,0.0,83.33333333333333,30.0,0.0,0.0,90.0
2017,AL,Southeast,Q1,5.1375,10.23,0.1375,0.0,0.0,90.0,72.5,50.0,0.0,0.0,30.0
2017,AL,Southeast,Q2,2.24,3.8,0.0,0.0,0.0,65.0,60.0,0.0,30.0,0.0,90.0
2017,AL,Southeast,Q3,4.615714285714286,12.2,0.028571428571428574,0.0,0.0,0.0,61.666666666666664,46.666666666666664,0.0,0.0,0.0
2017,AL,Southeast,Q4,7.248,12.85,0.0,50.0,0.0,65.0,80.0,30.0,0.0,0.0,0.0
2017,AR,South,Q2,2.46,6.24,0.0,0.0,0.0,80.0,42.5,62.5,60.0,0.0,35.0
2017,AR,South,Q3,2.8236842105263156,6.32,0.0,32.5,0.0,40.0,55.294117647058826,40.0,80.0,30.0,61.666666666666664
2017,CA,West,Q1,0.47923076923076924,5.91,1.073076923076923,30.0,0.0,45.0,44.0,41.666666666666664,51.666666666666664,40.0,66.66666666666667
2017,CA,West,Q2,0.5025,1.04,0.7,30.0,0.0,60.0,35.0,47.5,70.0,0.0,70.0
2017,CA,West,Q3,0.0,0.0,0.25,0.0,0.0,0.0,0.0,30.0,50.0,0.0,0.0
2017,CA,West,Q4,2.335,10.08,0.5041666666666667,62.857142857142854,0.0,0.0,69.16666666666667,47.5,55.0,70.0,46.666666666666664
2017,CO,Southwest,Q3,1.2242857142857144,6.23,0.0071428571428571435,40.0,0.0,30.0,49.09090909090909,40.0,90.0,0.0,60.0
2017,CT,Northeast,Q2,0.7628571428571428,3.64,0.35714285714285715,0.0,0.0,80.0,42.5,30.0,0.0,0.0,90.0
2017,CT,Northeast,Q3,3.641818181818182,14.49,0.22272727272727275,30.0,0.0,45.0,55.55555555555556,38.75,0.0,0.0,40.0
2017,CT,Northeast,Q4,6.758333333333333,14.04,0.075,0.0,0.0,50.0,60.0,53.333333333333336,70.0,50.0,0.0
2017,DE,Northeast,Q2,2.34,4.05,0.025,0.0,0.0,0.0,70.0,30.0,90.0,80.0,90.0
2017,DE,Northeast,Q3,0.74,0.74,0.05,70.0,0.0,0.0,60.0,40.0,0.0,0.0,0.0
2017,DE,Northeast,Q4,8.38,8.38,0.0,90.0,0.0,0.0,90.0,50.0,0.0,0.0,0.0
2017,FL,Southeast,Q1,2.73,7.17,1.2375,30.0,0.0,30.0,43.333333333333336,30.0,0.0,0.0,30.0
2017,FL,Southeast,Q2,3.49,5.08,0.5333333333333333,40.0,0.0,0.0,70.0,35.0,0.0,0.0,75.0
2017,FL,Southeast,Q4,6.506666666666667,19.52,0.30833333333333335,40.0,0.0,30.0,69.0,35.0,40.0,0.0,40.0
2017,GA,Southeast,Q3,2.064,8.35,0.15250000000000002,43.333333333333336,0.0,60.0,64.0,63.68421052631579,50.0,0.0,56.0
2017,GA,Southeast,Q4,0.395,0.67,0.0,0.0,0.0,0.0,80.0,35.0,0.0,0.0,0.0
2017,IA,Upper Midwest,Q2,1.1078947368421053,5.0,0.35526315789473684,30.0,0.0,70.0,44.0,67.77777777777777,45.0,0.0,75.38461538461539
2017,IA,Upper Midwest,Q3,0.24,0.24,0.0,70.0,0.0,0.0,90.0,70.0,0.0,0.0,0.0
2017,ID,Northwest,Q2,0.274,0.88,0.05,0.0,0.0,0.0,40.0,38.0,50.0,0.0,56.666666666666664
2017,ID,Northwest,Q3,2.0142105263157895,8.07,0.1605263157894737,0.0,0.0,30.0,48.333333333333336,37.22222222222222,32.5,0.0,42.5
2017,IL,Ohio Valley,Q2,2.6475,4.45,0.05,30.0,0.0,0.0,57.5,33.333333333333336,0.0,0.0,45.0
2017,IL,Ohio Valley,Q3,4.3055,13.46,0.065,42.22222222222222,0.0,47.5,60.588235294117645,46.0,40.0,30.0,60.0
2017,IN,Ohio Valley,Q2,1.2216666666666667,7.17,0.09166666666666667,30.0,0.0,67.5,61.0,57.77777777777778,63.333333333333336,0.0,73.0
2017,IN,Ohio Valley,Q3,4.818461538461539,13.66,0.049999999999999996,62.0,0.0,55.0,59.166666666666664,45.0,80.0,53.333333333333336,40.0
2017,IN,Ohio Valley,Q4,10.374545454545455,18.13,0.07272727272727272,70.0,0.0,55.0,79.0909090909091,52.72727272727273,52.5,0.0,80.0
2017,KS,South,Q2,3.74,5.71,0.0,0.0,0.0,0.0,80.0,45.0,0.0,0.0,30.0
2017,KS,South,Q3,2.598181818181818,10.54,0.03863636363636364,30.0,0.0,0.0,49.44444444444444,37.89473684210526,36.666666666666664,30.0,32.5
2017,KY,Ohio Valley,Q1,0.08,0.08,0.0,0.0,0.0,0.0,30.0,0.0,30.0,0.0,70.0
2017,KY,Ohio Valley,Q2,1.4054545454545453,5.09,0.03636363636363636,30.0,0.0,30.0,42.5,30.0,45.0,0.0,68.75
2017,KY,Ohio Valley,Q3,4.63625,10.14,0.0375,60.0,0.0,70.0,62.5,37.142857142857146,40.0,30.0,35.0
2017,KY,Ohio Valley,Q4,7.84,16.02,0.15,0.0,0.0,0.0,85.0,30.0,0.0,0.0,30.0
2017,MA,Northeast,Q2,0.79,0.79,0.05,0.0,0.0,0.0,80.0,30.0,0.0,0.0,90.0
2017,MA,Northeast,Q3,2.5185,6.34,0.11000000000000001,40.0,0.0,51.666666666666664,55.88235294117647,44.21052631578947,53.75,70.0,44.0
2017,MA,Northeast,Q4,10.876666666666667,19.94,0.13333333333333333,0.0,0.0,0.0,76.66666666666667,43.333333333333336,0.0,0.0,0.0
2017,MD,Northeast,Q2,1.3299999999999998,3.88,0.29,0.0,0.0,75.0,32.5,34.0,0.0,0.0,60.0
2017,MD,Northeast,Q4,9.04,9.04,0.35,50.0,0.0,0.0,90.0,60.0,30.0,0.0,0.0
2017,MI,Upper Midwest,Q2,0.46,0.92,0.825,0.0,0.0,0.0,30.0,30.0,60.0,0.0,70.0
2017,MI,Upper Midwest,Q3,8.2525,17.29,0.0,0.0,0.0,0.0,35.0,45.0,40.0,0.0,30.0
2017,MI,Upper Midwest,Q4,8.117,24.16,0.74,50.666666666666664,0.0,55.0,80.0,55.0,65.45454545454545,35.0,40.0
2017,MN,Upper Midwest,Q2,1.3305555555555555,5.07,0.06666666666666667,30.0,0.0,40.0,44.61538461538461,46.470588235294116,56.25,65.0,56.92307692307692
2017,MN,Upper Midwest,Q3,7.882,21.24,0.0,58.0,0.0,0.0,68.0,60.0,50.0,40.0,40.0
2017,MN,Upper Midwest,Q4,9.392,14.38,0.0,52.0,0.0,0.0,78.0,72.0,35.0,0.0,30.0
2017,MO,South,Q3,4.056,10.5,0.05,50.0,0.0,0.0,72.0,58.0,86.66666666666667,30.0,55.0
2017,MO,South,Q4,5.19,5.44,0.025,45.0,0.0,0.0,60.0,65.0,0.0,0.0,0.0
2017,MS,Southeast,Q1,1.2023076923076923,5.53,0.21923076923076923,0.0,0.0,90.0,55.0,40.0,0.0,0.0,50.0
2017,MT,Northern Rockies & Plains,Q2,0.0,0.0,0.0,0.0,0.0,0.0,0.0,70.0,0.0,0.0,0.0
2017,MT,Northern Rockies & Plains,Q3,4.242222222222222,35.37,0.13611111111111113,0.0,0.0,0.0,50.833333333333336,56.875,55.0,0.0,44.0
2017,MT,Northern Rockies & Plains,Q4,2.91,2.91,0.0,0.0,0.0,0.0,80.0,50.0,0.0,0.0,0.0
2017,NC,Southeast,Q2,3.481904761904762,9.72,0.06904761904761905,0.0,0.0,50.0,52.63157894736842,50.0,46.0,70.0,60.0
2017,NC,Southeast,Q3,4.757142857142857,16.18,0.25,0.0,0.0,56.666666666666664,80.0,53.333333333333336,70.0,80.0,30.0
2017,ND,Northern Rockies & Plains,Q2,0.0,0.0,0.0,0.0,0.0,90.0,30.0,70.0,60.0,0.0,90.0
2017,ND,Northern Rockies & Plains,Q3,0.0,0.0,0.0,0.0,0.0,46.666666666666664,37.77777777777778,41.36363636363637,60.0,30.0,48.57142857142857
2017,ND,Northern Rockies & Plains,Q4,0.0,0.0,0.0,0.0,0.0,0.0,70.0,50.0,0.0,0.0,0.0
2017,NE,Northern Rockies & Plains,Q2,2.983333333333333,3.48,0.25,60.0,0.0,30.0,56.666666666666664,66.66666666666667,0.0,0.0,70.0
2017,NE,Northern Rockies & Plains,Q3,2.297142857142857,11.54,0.08333333333333333,35.0,0.0,0.0,43.1578947368421,52.38095238095238,52.22222222222222,40.0,54.0
2017,NJ,Northeast,Q3,3.5858333333333334,14.85,0.13333333333333333,56.666666666666664,0.0,75.0,63.333333333333336,45.45454545454545,48.0,30.0,50.0
2017,NJ,Northeast,Q4,6.510000000000001,13.69,0.31666666666666665,40.0,0.0,45.0,71.66666666666667,41.666666666666664,70.0,0.0,36.666666666666664
2017,NM,Southwest,Q3,5.646,16.9,0.025,0.0,0.0,30.0,65.55555555555556,45.625,60.0,30.0,45.0
2017,NM,Southwest,Q4,11.9025,13.97,0.0,30.0,0.0,0.0,56.666666666666664,42.5,0.0,0.0,0.0
2017,NV,Southwest,Q3,1.868421052631579,8.11,0.14473684210526316,30.0,0.0,0.0,45.45454545454545,42.72727272727273,50.0,30.0,73.07692307692308
2017,NY,Northeast,Q2,0.755,1.21,0.025,0.0,0.0,90.0,50.0,30.0,30.0,0.0,30.0
2017,NY,Northeast,Q3,1.7027272727272729,9.09,0.16136363636363635,42.0,0.0,63.333333333333336,54.0,44.285714285714285,48.0,70.0,50.0
2017,OH,Ohio Valley,Q2,1.3914285714285715,2.5,0.09285714285714285,50.0,0.0,0.0,61.42857142857143,45.0,30.0,0.0,66.66666666666667
2017,OH,Ohio Valley,Q3,3.9842857142857144,10.92,0.010714285714285716,55.0,0.0,0.0,50.0,35.0,75.0,90.0,30.0
2017,OH,Ohio Valley,Q4,2.78,2.78,0.0,0.0,0.0,0.0,70.0,50.0,0.0,0.0,0.0
2017,OR,Northwest,Q2,1.212857142857143,5.44,0.2833333333333333,40.0,0.0,50.0,40.76923076923077,67.0,65.0,75.0,70.0
2017,PA,Northeast,Q2,0.11400000000000002,0.28,0.43000000000000005,0.0,0.0,0.0,43.333333333333336,40.0,60.0,80.0,72.5
2017,PA,Northeast,Q3,2.2615384615384615,10.31,0.04615384615384616,30.0,0.0,53.333333333333336,40.90909090909091,40.0,50.0,0.0,42.0
2017,PA,Northeast,Q4,8.94,8.94,0.0,0.0,0.0,0.0,0.0,0.0,0.0,0.0,0.0
2017,SC,Southeast,Q1,1.2185714285714284,2.82,0.075,30.0,0.0,50.0,47.857142857142854,38.0,53.333333333333336,45.0,51.0
2017,SC,Southeast,Q2,2.645,10.48,0.295,0.0,0.0,56.666666666666664,44.44444444444444,55.0,60.0,70.0,64.28571428571429
2017,SD,Northern Rockies & Plains,Q3,1.7671428571428573,6.76,0.07142857142857142,50.0,0.0,30.0,47.69230769230769,50.0,65.0,0.0,30.0
2017,SD,Northern Rockies & Plains,Q4,3.3549999999999995,14.62,0.08,35.0,0.0,0.0,61.25,37.0,75.0,30.0,0.0
2017,TN,Southeast,Q1,7.68,7.68,0.0,0.0,0.0,50.0,90.0,0.0,0.0,0.0,0.0
2017,TN,Southeast,Q2,2.811304347826087,8.39,0.13043478260869565,40.0,0.0,45.0,53.0,50.833333333333336,55.0,65.0,65.0
2017,TX,South,Q1,0.8300000000000001,2.37,0.18333333333333335,30.0,0.0,0.0,30.0,30.0,70.0,0.0,90.0
2017,TX,South,Q2,1.4458333333333335,6.26,0.375,36.666666666666664,0.0,55.0,34.44444444444444,65.0,50.0,0.0,66.25
2017,TX,South,Q4,2.862727272727273,9.62,0.0818181818181818,43.333333333333336,0.0,0.0,60.0,40.0,70.0,0.0,42.0
2017,UT,Southwest,Q2,0.481875,1.8,0.684375,40.0,0.0,73.33333333333333,34.0,37.27272727272727,55.714285714285715,0.0,68.0
2017,UT,Southwest,Q3,0.515,1.05,0.025,0.0,0.0,0.0,30.0,45.0,0.0,30.0,80.0
2017,UT,Southwest,Q4,8.925,21.87,0.0125,70.0,0.0,0.0,47.5,45.0,60.0,0.0,65.0
2017,VA,Southeast,Q2,1.435294117647059,6.28,0.37058823529411766,30.0,0.0,62.0,46.0,55.0,52.5,70.0,60.0
2017,VA,Southeast,Q3,1.7833333333333332,2.67,0.09999999999999999,0.0,0.0,30.0,45.0,0.0,0.0,0.0,0.0
2017,VA,Southeast,Q4,7.000909090909091,14.72,0.7772727272727273,50.0,0.0,75.0,75.45454545454545,41.0,47.5,56.666666666666664,38.0
2017,VT,Northeast,Q2,0.9433333333333335,2.83,0.5404761904761904,30.0,0.0,0.0,45.833333333333336,30.833333333333332,53.333333333333336,50.0,56.666666666666664
2017,VT,Northeast,Q3,0.9666666666666667,1.99,0.6333333333333333,0.0,0.0,0.0,40.0,30.0,30.0,0.0,30.0
2017,WA,Northwest,Q2,3.9800000000000004,6.8,0.5166666666666667,0.0,0.0,30.0,40.0,60.0,90.0,0.0,60.0
2017,WA,Northwest,Q3,5.968125,50.4,0.015625,30.0,0.0,43.333333333333336,49.09090909090909,40.0,0.0,0.0,34.0
2017,WA,Northwest,Q4,1.105,1.77,0.0,30.0,0.0,45.0,35.0,45.0,0.0,0.0,70.0
2017,WI,Upper Midwest,Q2,1.1911111111111112,2.75,0.3222222222222222,0.0,0.0,40.0,35.714285714285715,55.714285714285715,70.0,0.0,72.5
2017,WI,Upper Midwest,Q3,3.421666666666667,10.87,0.004166666666666667,32.5,0.0,75.0,54.0,50.833333333333336,50.0,30.0,32.5
2017,WI,Upper Midwest,Q4,2.41,2.41,0.0,0.0,0.0,30.0,80.0,50.0,0.0,0.0,0.0
2017,WV,Ohio Valley,Q2,2.118333333333333,6.18,0.15833333333333333,50.0,0.0,60.0,51.111111111111114,50.0,50.0,0.0,56.0
2017,WV,Ohio Valley,Q3,6.747777777777777,11.53,0.2222222222222222,30.0,0.0,30.0,63.333333333333336,35.0,40.0,30.0,50.0
2017,WV,Ohio Valley,Q4,12.033333333333333,24.0,0.43333333333333335,80.0,0.0,0.0,66.66666666666667,30.0,0.0,0.0,0.0
2018,AK,Northwest,Q3,1.176,6.55,0.7,0.0,0.0,30.0,30.0,38.0,0.0,0.0,35.0
2018,AL,Southeast,Q1,0.9,1.8,0.0,0.0,0.0,60.0,45.0,0.0,0.0,0.0,0.0
2018,AL,Southeast,Q2,2.732222222222222,4.7,0.33888888888888885,0.0,0.0,43.333333333333336,61.42857142857143,30.0,0.0,30.0,30.0
2018,AL,Southeast,Q3,3.9238461538461538,8.54,0.09615384615384616,0.0,0.0,60.0,70.0,52.72727272727273,30.0,60.0,30.0
2018,AL,Southeast,Q4,5.232,12.58,0.04,0.0,0.0,90.0,51.25,40.0,0.0,0.0,0.0
2018,AR,South,Q2,1.9075,4.64,0.037500000000000006,0.0,0.0,0.0,47.142857142857146,55.0,30.0,0.0,85.0
2018,AR,South,Q3,4.496666666666667,9.63,0.03333333333333333,0.0,0.0,80.0,68.0,66.0,40.0,0.0,0.0
2018,AR,South,Q4,9.468571428571428,23.81,0.028571428571428574,30.0,0.0,0.0,57.142857142857146,62.857142857142854,0.0,0.0,40.0
2018,CA,West,Q1,1.6285714285714283,13.35,0.3321428571428572,30.0,0.0,75.0,60.0,42.857142857142854,30.0,0.0,42.5
2018,CA,West,Q3,1.904,6.29,0.034999999999999996,60.0,0.0,0.0,55.0,52.857142857142854,0.0,0.0,0.0
2018,CA,West,Q4,0.9500000000000001,2.54,0.016666666666666666,40.0,0.0,0.0,56.666666666666664,70.0,0.0,0.0,40.0
2018,CO,Southwest,Q2,1.6366666666666667,2.83,0.09999999999999999,30.0,0.0,0.0,30.0,40.0,80.0,0.0,60.0
2018,CO,Southwest,Q3,2.2857142857142856,13.14,0.024999999999999998,0.0,0.0,30.0,40.0,35.833333333333336,0.0,0.0,85.0
2018,DE,Northeast,Q2,1.0332000000000001,3.86,0.20600000000000002,0.0,0.0,54.0,42.77777777777778,35.5,54.285714285714285,0.0,61.25
2018,DE,Northeast,Q3,1.662,3.82,0.10333333333333333,67.5,0.0,30.0,59.0,40.0,70.0,0.0,42.5
2018,DE,Northeast,Q4,5.895,15.41,0.2916666666666667,70.0,0.0,0.0,40.0,50.0,0.0,0.0,0.0
2018,FL,Southeast,Q1,2.058888888888889,6.44,0.5388888888888889,0.0,0.0,30.0,63.75,32.5,60.0,0.0,40.0
2018,FL,Southeast,Q2,2.69,6.99,0.16666666666666666,0.0,0.0,0.0,36.666666666666664,35.0,0.0,0.0,45.0
2018,FL,Southeast,Q3,1.198,4.38,0.18666666666666665,36.666666666666664,0.0,30.0,60.76923076923077,45.38461538461539,52.0,30.0,42.0
2018,FL,Southeast,Q4,1.6788888888888889,4.3,0.5777777777777778,45.0,0.0,0.0,50.0,48.888888888888886,60.0,0.0,30.0
2018,GA,Southeast,Q3,2.1869565217391305,7.25,0.021739130434782608,48.333333333333336,0.0,0.0,62.27272727272727,47.72727272727273,36.666666666666664,30.0,56.666666666666664
2018,GA,Southeast,Q4,1.435,4.44,0.037500000000000006,0.0,0.0,0.0,50.0,35.0,30.0,0.0,0.0
2018,IA,Upper Midwest,Q2,0.5013043478260869,3.7,0.55,46.666666666666664,0.0,0.0,45.0,48.095238095238095,48.18181818181818,30.0,73.33333333333333
2018,ID,Northwest,Q2,1.0779999999999998,3.54,0.06999999999999999,0.0,0.0,0.0,30.0,42.5,45.0,0.0,60.0
2018,ID,Northwest,Q3,2.586315789473684,15.17,0.04473684210526316,0.0,0.0,40.0,43.63636363636363,40.0,80.0,0.0,46.0
2018,IN,Ohio Valley,Q2,0.0,0.0,0.20000000000000004,0.0,0.0,90.0,30.0,33.333333333333336,0.0,0.0,90.0
2018,IN,Ohio Valley,Q3,2.317142857142857,8.91,0.08571428571428572,50.0,0.0,0.0,54.54545454545455,53.84615384615385,90.0,30.0,50.0
2018,IN,Ohio Valley,Q4,4.909999999999999,14.58,0.19285714285714287,50.0,0.0,0.0,48.57142857142857,51.42857142857143,53.333333333333336,40.0,50.0
2018,KY,Ohio Valley,Q1,0.6166666666666667,1.85,0.19999999999999998,0.0,0.0,90.0,30.0,30.0,0.0,0.0,30.0
2018,KY,Ohio Valley,Q2,0.9277777777777777,3.18,0.03888888888888889,0.0,0.0,0.0,35.0,30.0,40.0,0.0,38.57142857142857
2018,KY,Ohio Valley,Q3,2.3649999999999998,5.07,0.005,40.0,0.0,0.0,40.0,30.0,40.0,0.0,53.333333333333336
2018,KY,Ohio Valley,Q4,3.8033333333333332,5.97,0.0,0.0,0.0,50.0,63.333333333333336,65.0,0.0,0.0,33.333333333333336
2018,LA,South,Q3,3.43875,9.64,0.075,30.0,0.0,80.0,46.42857142857143,52.72727272727273,30.0,0.0,0.0
2018,LA,South,Q4,2.1037500000000002,8.0,0.05,0.0,0.0,50.0,42.0,30.0,0.0,0.0,42.5
2018,MA,Northeast,Q2,0.675,0.98,0.35,0.0,0.0,90.0,55.0,35.0,0.0,0.0,65.0
2018,MA,Northeast,Q3,2.69,12.6,0.0225,0.0,0.0,46.666666666666664,58.125,53.333333333333336,46.666666666666664,0.0,62.0
2018,MD,Northeast,Q2,0.8544444444444445,3.52,0.5166666666666667,50.0,0.0,46.666666666666664,40.90909090909091,41.111111111111114,53.333333333333336,30.0,50.0
2018,MD,Northeast,Q3,3.2513333333333336,8.82,0.02666666666666667,63.333333333333336,0.0,0.0,50.0,51.0,60.0,0.0,0.0
2018,MD,Northeast,Q4,4.75,10.59,0.09999999999999999,70.0,0.0,80.0,46.666666666666664,35.0,0.0,0.0,0.0
2018,ME,Northeast,Q2,0.47428571428571425,1.04,0.3642857142857143,0.0,0.0,60.0,50.0,40.0,0.0,0.0,60.0
2018,ME,Northeast,Q3,2.120588235294118,8.71,0.15000000000000002,0.0,0.0,70.0,58.0,44.0,50.0,0.0,52.0
2018,MI,Upper Midwest,Q2,0.7733333333333333,1.65,1.1416666666666666,0.0,0.0,0.0,64.0,52.0,45.0,0.0,82.5
2018,MI,Upper Midwest,Q3,5.747777777777777,19.73,0.05,0.0,0.0,30.0,56.666666666666664,55.55555555555556,30.0,0.0,30.0
2018,MI,Upper Midwest,Q4,7.338888888888889,17.03,0.11666666666666667,0.0,0.0,33.333333333333336,65.71428571428571,62.857142857142854,63.333333333333336,0.0,70.0
2018,MN,Upper Midwest,Q2,0.9630434782608696,7.59,0.8152173913043478,80.0,0.0,50.0,46.25,41.73913043478261,45.833333333333336,30.0,63.5
2018,MN,Upper Midwest,Q3,2.941,8.37,0.24,56.666666666666664,0.0,0.0,37.5,52.22222222222222,0.0,0.0,55.0
2018,MN,Upper Midwest,Q4,9.065999999999999,31.76,0.06,47.5,0.0,0.0,50.0,48.0,45.0,0.0,0.0
2018,MO,South,Q2,1.4525,3.8,0.05833333333333334,0.0,0.0,65.0,48.888888888888886,57.0,43.333333333333336,0.0,62.0
2018,MT,Northern Rockies & Plains,Q2,0.4225,1.48,0.1,0.0,0.0,0.0,47.5,37.5,44.285714285714285,0.0,54.285714285714285
2018,MT,Northern Rockies & Plains,Q3,1.888,10.13,0.0325,0.0,0.0,65.0,42.94117647058823,54.73684210526316,60.0,40.0,41.25
2018,NC,Southeast,Q2,1.02375,6.07,0.20625,0.0,0.0,0.0,46.0,32.5,53.333333333333336,30.0,55.0
2018,ND,Northern Rockies & Plains,Q2,0.52,1.32,0.3333333333333333,0.0,0.0,90.0,50.0,56.666666666666664,90.0,40.0,62.5
2018,ND,Northern Rockies & Plains,Q3,4.120555555555556,16.5,0.2777777777777778,0.0,0.0,90.0,45.333333333333336,58.8235294117647,76.0,30.0,62.5
2018,NE,Northern Rockies & Plains,Q2,0.795,2.12,0.1375,0.0,0.0,0.0,30.0,30.0,50.0,0.0,36.666666666666664
2018,NE,Northern Rockies & Plains,Q3,2.9415,10.18,0.125,0.0,0.0,0.0,47.69230769230769,52.63157894736842,45.0,45.0,75.0
2018,NJ,Northeast,Q2,0.332,0.75,0.27,0.0,0.0,30.0,52.5,38.0,0.0,30.0,70.0
2018,NJ,Northeast,Q3,0.66,0.66,0.0,0.0,0.0,0.0,0.0,30.0,0.0,0.0,0.0
2018,NV,Southwest,Q3,3.225882352941176,10.35,0.2277777777777778,42.5,0.0,30.0,57.5,70.58823529411765,70.0,0.0,63.75
2018,NV,Southwest,Q4,2.835,5.84,0.0,0.0,0.0,0.0,30.0,52.5,0.0,0.0,0.0
2018,NY,Northeast,Q2,0.44499999999999995,0.82,0.0,0.0,0.0,0.0,30.0,30.0,0.0,0.0,50.0
2018,NY,Northeast,Q3,2.8505882352941176,15.04,0.11176470588235293,50.0,0.0,35.0,62.72727272727273,48.75,55.0,0.0,62.5
2018,NY,Northeast,Q4,2.284,4.37,0.02,57.5,0.0,0.0,60.0,54.0,80.0,30.0,0.0
2018,OH,Ohio Valley,Q2,0.16,0.32,0.5,0.0,0.0,0.0,30.0,30.0,0.0,0.0,60.0
2018,OH,Ohio Valley,Q3,4.028235294117646,18.27,0.03235294117647059,58.0,0.0,60.0,51.875,48.333333333333336,33.333333333333336,30.0,43.333333333333336
2018,OH,Ohio Valley,Q4,6.275,14.9,0.29,80.0,0.0,0.0,58.0,42.0,40.0,0.0,50.0
2018,OK,South,Q2,2.183333333333333,3.36,0.0,45.0,0.0,0.0,40.0,30.0,30.0,0.0,0.0
2018,OK,South,Q3,2.779333333333333,7.43,0.060000000000000005,42.5,0.0,0.0,48.888888888888886,48.333333333333336,0.0,0.0,40.0
2018,OK,South,Q4,2.483333333333333,6.6,0.049999999999999996,70.0,0.0,0.0,47.5,30.0,40.0,0.0,30.0
2018,OR,Northwest,Q2,1.2670588235294118,4.91,0.6588235294117648,0.0,0.0,44.0,38.18181818181818,37.05882352941177,46.25,30.0,57.27272727272727
2018,OR,Northwest,Q3,5.540869565217391,19.98,0.02391304347826087,45.0,0.0,50.0,45.5,56.52173913043478,52.0,0.0,60.0
2018,OR,Northwest,Q4,1.18,1.18,0.0,30.0,0.0,0.0,30.0,80.0,0.0,0.0,60.0
2018,PA,Northeast,Q2,1.189,4.74,0.22999999999999998,0.0,0.0,60.0,55.0,32.5,30.0,30.0,66.0
2018,PA,Northeast,Q3,3.104117647058824,15.36,0.12941176470588237,0.0,0.0,50.0,47.5,32.857142857142854,46.666666666666664,30.0,30.0
2018,PA,Northeast,Q4,4.687142857142858,17.35,0.014285714285714287,55.0,0.0,0.0,47.142857142857146,48.57142857142857,0.0,0.0,45.0
2018,SC,Southeast,Q1,1.3,2.41,0.03,40.0,0.0,0.0,44.0,42.0,56.666666666666664,0.0,53.333333333333336
2018,SC,Southeast,Q2,2.4810526315789474,18.44,0.2131578947368421,0.0,0.0,65.0,45.0,35.0,46.666666666666664,30.0,47.142857142857146
2018,SC,Southeast,Q4,2.56,2.56,0.05,0.0,0.0,0.0,30.0,40.0,0.0,0.0,0.0
2018,SD,Northern Rockies & Plains,Q3,5.116250000000001,45.06,0.146875,52.5,0.0,62.5,50.0,55.0,60.0,0.0,45.0
2018,SD,Northern Rockies & Plains,Q4,10.02875,48.03,0.38749999999999996,65.0,0.0,80.0,55.0,61.25,53.333333333333336,0.0,70.0
2018,TN,Southeast,Q2,2.174545454545455,7.0,0.1409090909090909,0.0,0.0,45.0,62.72727272727273,31.666666666666668,75.0,0.0,54.0
2018,TX,South,Q1,0.045,0.09,0.0,0.0,0.0,0.0,30.0,30.0,50.0,0.0,55.0
2018,TX,South,Q2,0.6718181818181818,4.18,0.19545454545454544,0.0,0.0,30.0,53.333333333333336,38.0,42.5,30.0,68.75
2018,TX,South,Q3,0.9540000000000001,2.88,0.0,0.0,0.0,0.0,37.5,30.0,0.0,0.0,0.0
2018,TX,South,Q4,1.7971428571428572,5.71,0.125,33.333333333333336,0.0,0.0,52.0,41.111111111111114,0.0,0.0,58.0
2018,UT,Southwest,Q1,0.0,0.0,0.0,0.0,0.0,0.0,30.0,30.0,0.0,0.0,0.0
2018,UT,Southwest,Q2,0.9375,5.49,0.22000000000000003,0.0,0.0,45.0,57.142857142857146,33.333333333333336,45.0,30.0,66.36363636363636
2018,UT,Southwest,Q3,2.7725000000000004,9.06,0.004166666666666667,0.0,0.0,30.0,41.666666666666664,42.72727272727273,30.0,0.0,70.0
2018,UT,Southwest,Q4,11.363333333333335,24.66,0.024999999999999998,80.0,0.0,0.0,60.0,58.333333333333336,80.0,0.0,40.0
2018,VA,Southeast,Q2,0.6557142857142857,2.02,0.2714285714285714,0.0,0.0,50.0,37.5,33.333333333333336,0.0,0.0,40.0
2018,VA,Southeast,Q3,1.36,2.96,0.1,0.0,0.0,0.0,65.0,40.0,0.0,0.0,35.0
2018,VT,Northeast,Q2,0.7055555555555555,2.17,0.6722222222222222,0.0,0.0,0.0,46.666666666666664,36.0,0.0,0.0,55.0
2018,VT,Northeast,Q3,3.656666666666667,6.95,0.14444444444444446,47.5,0.0,55.0,47.142857142857146,53.333333333333336,0.0,0.0,0.0
2018,VT,Northeast,Q4,2.3000000000000003,4.86,0.0,60.0,0.0,53.333333333333336,46.666666666666664,56.666666666666664,0.0,0.0,0.0
2018,WA,Northwest,Q3,3.428181818181818,8.84,0.049999999999999996,40.0,0.0,70.0,36.666666666666664,57.5,90.0,0.0,37.5
2018,WA,Northwest,Q4,7.54,10.74,0.016666666666666666,0.0,0.0,0.0,30.0,60.0,30.0,0.0,0.0
2018,WI,Upper Midwest,Q2,0.3875,1.23,0.2,0.0,0.0,0.0,32.5,37.5,30.0,0.0,56.0
2018,WI,Upper Midwest,Q3,2.092857142857143,7.81,0.29285714285714287,80.0,0.0,0.0,37.5,51.53846153846154,40.0,30.0,60.0
2018,WI,Upper Midwest,Q4,4.535,7.63,0.0,55.0,0.0,0.0,70.0,80.0,0.0,0.0,0.0
2018,WV,Ohio Valley,Q2,0.9375,3.13,0.11249999999999999,0.0,0.0,0.0,55.0,40.0,0.0,0.0,85.0
2018,WV,Ohio Valley,Q3,2.4525,9.3,0.11875,30.0,0.0,0.0,55.0,39.0,35.0,0.0,60.0
2019,AK,Northwest,Q2,0.6539999999999999,2.32,0.32,0.0,0.0,0.0,30.0,40.0,80.0,0.0,30.0
2019,AK,Northwest,Q3,2.0,2.0,0.0,0.0,0.0,0.0,40.0,60.0,0.0,0.0,30.0
2019,AL,Southeast,Q2,4.004545454545454,10.25,0.045454545454545456,0.0,0.0,0.0,42.0,40.0,30.0,0.0,30.0
2019,AL,Southeast,Q3,6.07875,16.12,0.01875,80.0,0.0,70.0,51.25,52.5,75.0,0.0,0.0
2019,AL,Southeast,Q4,6.553333333333334,8.71,0.075,0.0,0.0,0.0,48.333333333333336,55.0,0.0,0.0,30.0
2019,AR,South,Q1,2.83,8.02,0.0,0.0,0.0,0.0,40.0,30.0,0.0,0.0,0.0
2019,AR,South,Q2,4.141111111111111,14.11,0.011111111111111112,60.0,0.0,0.0,46.25,48.888888888888886,56.666666666666664,30.0,55.0
2019,AR,South,Q3,4.93375,7.56,0.04375,80.0,0.0,70.0,52.857142857142854,56.25,0.0,0.0,0.0
2019,AR,South,Q4,4.24,6.39,0.35714285714285715,0.0,0.0,0.0,42.857142857142854,51.42857142857143,30.0,0.0,60.0
2019,CA,West,Q1,0.5404166666666667,2.95,1.2791666666666666,30.0,0.0,60.0,31.53846153846154,38.75,39.0,0.0,51.1764705882353
2019,CA,West,Q3,2.6882352941176473,9.11,0.22941176470588234,50.0,0.0,30.0,44.166666666666664,50.0,50.0,0.0,34.0
2019,DE,Northeast,Q2,1.534,4.72,0.15,0.0,0.0,0.0,30.0,32.5,30.0,0.0,45.0
2019,DE,Northeast,Q3,1.9579999999999997,4.85,0.16999999999999998,70.0,0.0,50.0,46.25,52.0,58.0,0.0,46.666666666666664
2019,DE,Northeast,Q4,9.092500000000001,21.54,0.00625,55.714285714285715,0.0,0.0,60.0,68.75,55.0,0.0,0.0
2019,FL,Southeast,Q3,2.7175,10.43,0.025,0.0,0.0,0.0,60.0,60.0,0.0,0.0,0.0
2019,FL,Southeast,Q4,0.978235294117647,4.17,0.5705882352941177,51.25,0.0,0.0,49.285714285714285,50.625,33.333333333333336,0.0,55.0
2019,GA,Southeast,Q2,2.48375,10.76,0.1625,0.0,0.0,0.0,50.0,42.5,30.0,0.0,80.0
2019,GA,Southeast,Q3,2.65625,12.41,0.36875,65.0,0.0,0.0,47.333333333333336,44.375,57.5,0.0,30.0
2019,HI,Hawaii,Q1,1.3487500000000001,9.63,1.05625,50.0,0.0,0.0,53.333333333333336,46.666666666666664,30.0,0.0,0.0
2019,HI,Hawaii,Q2,0.737,2.81,0.6900000000000001,0.0,0.0,30.0,41.42857142857143,52.5,60.0,0.0,32.0
2019,HI,Hawaii,Q3,0.44,0.44,0.15,0.0,0.0,0.0,50.0,70.0,0.0,0.0,0.0
2019,ID,Northwest,Q2,0.658125,3.01,0.384375,45.0,0.0,0.0,36.0,33.75,53.63636363636363,0.0,46.666666666666664
2019,ID,Northwest,Q3,1.54,3.34,0.05625,30.0,0.0,0.0,37.5,38.75,30.0,0.0,40.0
2019,IN,Ohio Valley,Q2,3.7275,9.74,0.125,60.0,0.0,0.0,50.0,47.5,60.0,0.0,40.0
2019,IN,Ohio Valley,Q3,2.9339999999999997,15.07,0.08,85.0,0.0,30.0,55.55555555555556,50.76923076923077,0.0,0.0,53.333333333333336
2019,IN,Ohio Valley,Q4,8.068000000000001,18.15,0.01,85.0,0.0,60.0,48.0,56.0,30.0,0.0,60.0
2019,KY,Ohio Valley,Q2,1.6918181818181817,10.66,0.32272727272727275,0.0,0.0,80.0,43.333333333333336,38.888888888888886,40.0,0.0,47.142857142857146
2019,KY,Ohio Valley,Q3,2.5620000000000003,7.78,0.10500000000000001,0.0,0.0,35.0,50.0,47.142857142857146,50.0,0.0,80.0
2019,KY,Ohio Valley,Q4,9.563333333333333,15.54,0.016666666666666666,0.0,0.0,0.0,53.333333333333336,60.0,30.0,0.0,30.0
2019,MA,Northeast,Q2,0.5583333333333333,0.99,0.11666666666666668,0.0,0.0,70.0,30.0,40.0,50.0,0.0,33.333333333333336
2019,MA,Northeast,Q3,5.412941176470588,17.83,0.07352941176470588,30.0,0.0,35.0,59.333333333333336,65.29411764705883,74.0,0.0,40.0
2019,MA,Northeast,Q4,4.16,4.16,0.15,0.0,0.0,0.0,90.0,80.0,0.0,0.0,0.0
2019,MD,Northeast,Q2,1.1890909090909092,6.01,0.08636363636363636,0.0,0.0,30.0,55.0,35.0,80.0,0.0,44.0
2019,MD,Northeast,Q3,3.6441666666666666,9.37,0.016666666666666666,80.0,0.0,63.333333333333336,59.0,50.0,80.0,0.0,80.0
2019,MD,Northeast,Q4,1.05,1.05,0.0,0.0,0.0,30.0,30.0,40.0,0.0,0.0,30.0
2019,ME,Northeast,Q2,0.5355555555555556,1.7,2.2944444444444443,40.0,0.0,30.0,30.0,30.0,0.0,0.0,55.0
2019,ME,Northeast,Q3,2.9616666666666664,22.07,0.35000000000000003,80.0,0.0,33.333333333333336,54.285714285714285,61.0,60.0,0.0,50.0
2019,ME,Northeast,Q4,6.426666666666667,14.41,0.0,0.0,0.0,70.0,36.666666666666664,53.333333333333336,0.0,0.0,0.0
2019,MI,Upper Midwest,Q2,0.43555555555555553,1.5,0.26666666666666666,0.0,0.0,30.0,32.5,34.44444444444444,63.333333333333336,0.0,62.0
2019,MI,Upper Midwest,Q3,6.81875,28.33,0.26875,40.0,0.0,80.0,47.5,51.25,42.0,0.0,37.5
2019,MI,Upper Midwest,Q4,5.987142857142857,19.88,0.22142857142857145,0.0,0.0,0.0,55.714285714285715,65.71428571428571,83.33333333333333,0.0,30.0
2019,MN,Upper Midwest,Q2,0.914,3.22,0.5700000000000001,0.0,0.0,0.0,40.0,35.55555555555556,53.333333333333336,0.0,47.142857142857146
2019,MN,Upper Midwest,Q3,8.312000000000001,26.32,0.09000000000000001,80.0,0.0,0.0,58.0,68.88888888888889,82.0,0.0,70.0
2019,MN,Upper Midwest,Q4,4.1275,9.49,0.47500000000000003,75.0,0.0,0.0,40.0,72.5,75.0,0.0,30.0
2019,MT,Northern Rockies & Plains,Q2,0.6388888888888888,2.1,0.7111111111111111,0.0,0.0,0.0,30.0,33.333333333333336,45.0,0.0,48.333333333333336
2019,MT,Northern Rockies & Plains,Q3,6.8500000000000005,24.39,0.09166666666666667,90.0,0.0,0.0,44.0,56.666666666666664,70.0,0.0,90.0
2019,MT,Northern Rockies & Plains,Q4,4.0200000000000005,5.48,0.025,0.0,0.0,0.0,35.0,65.0,0.0,0.0,30.0
2019,ND,Northern Rockies & Plains,Q2,0.0,0.0,0.775,0.0,0.0,0.0,40.0,30.0,40.0,0.0,46.666666666666664
2019,ND,Northern Rockies & Plains,Q3,0.245,0.49,0.45,65.0,0.0,0.0,35.0,55.0,30.0,0.0,30.0
2019,NE,Northern Rockies & Plains,Q2,1.6483333333333334,5.38,0.21666666666666667,0.0,0.0,0.0,36.666666666666664,41.666666666666664,63.333333333333336,0.0,46.666666666666664
2019,NE,Northern Rockies & Plains,Q3,4.149375,11.23,0.046875,60.0,0.0,0.0,49.09090909090909,55.625,90.0,0.0,40.0
2019,NE,Northern Rockies & Plains,Q4,4.2299999999999995,7.1,0.0,0.0,0.0,0.0,45.0,50.0,80.0,0.0,30.0
2019,NV,Southwest,Q3,1.7047619047619047,6.09,0.07857142857142857,0.0,0.0,80.0,41.42857142857143,44.705882352941174,55.0,0.0,47.0
2019,NY,Northeast,Q2,0.7999999999999999,2.55,0.7642857142857142,0.0,0.0,70.0,40.0,41.666666666666664,30.0,0.0,40.0
2019,NY,Northeast,Q3,4.3076923076923075,10.62,0.2076923076923077,50.0,0.0,33.333333333333336,64.16666666666667,64.61538461538461,57.5,0.0,45.0
2019,NY,Northeast,Q4,1.52,2.03,0.075,65.0,0.0,40.0,50.0,60.0,65.0,0.0,0.0
2019,OH,Ohio Valley,Q2,0.1,0.11,0.1,0.0,0.0,0.0,50.0,30.0,0.0,0.0,90.0
2019,OR,Northwest,Q2,0.6271428571428571,2.64,0.65,0.0,0.0,0.0,30.0,37.142857142857146,35.0,0.0,41.666666666666664
2019,OR,Northwest,Q3,3.9655555555555555,19.27,0.15000000000000002,66.0,0.0,30.0,47.5,50.0,61.666666666666664,0.0,46.666666666666664
2019,PA,Northeast,Q2,0.35555555555555557,0.74,0.6444444444444444,0.0,0.0,60.0,32.0,34.285714285714285,30.0,0.0,48.0
2019,PA,Northeast,Q3,0.6785714285714286,1.73,0.0,0.0,0.0,0.0,30.0,34.0,0.0,0.0,0.0
2019,PA,Northeast,Q4,4.3100000000000005,7.45,0.07500000000000001,0.0,0.0,0.0,66.66666666666667,65.0,35.0,0.0,65.0
2019,SC,Southeast,Q1,2.022,2.9,0.18,0.0,0.0,0.0,45.0,56.0,0.0,0.0,0.0
2019,SC,Southeast,Q2,3.3333333333333335,12.19,0.1527777777777778,0.0,0.0,45.0,44.166666666666664,48.75,63.333333333333336,0.0,49.166666666666664
2019,SD,Northern Rockies & Plains,Q3,2.1507692307692308,6.36,0.12307692307692308,60.0,0.0,30.0,58.57142857142857,54.0,60.0,30.0,52.0
2019,SD,Northern Rockies & Plains,Q4,11.435,28.43,0.35833333333333334,65.0,0.0,0.0,48.333333333333336,58.333333333333336,63.333333333333336,0.0,0.0
2019,TN,Southeast,Q2,1.755294117647059,6.27,0.20882352941176469,60.0,0.0,0.0,44.285714285714285,40.0,50.0,70.0,35.714285714285715
2019,TN,Southeast,Q3,3.685714285714286,10.57,0.0071428571428571435,0.0,0.0,0.0,58.333333333333336,30.0,0.0,0.0,0.0
2019,TN,Southeast,Q4,3.8950000000000005,5.36,0.0,0.0,0.0,0.0,35.0,30.0,0.0,0.0,0.0
2019,TX,South,Q1,0.57,1.28,0.65,0.0,0.0,0.0,30.0,43.333333333333336,43.333333333333336,0.0,60.0
2019,TX,South,Q2,0.2775,0.64,0.29375,0.0,0.0,50.0,32.5,50.0,40.0,0.0,64.0
2019,TX,South,Q3,4.053333333333334,9.08,0.0,0.0,0.0,0.0,33.333333333333336,40.0,0.0,0.0,0.0
2019,TX,South,Q4,1.242,6.17,0.37,70.0,0.0,0.0,40.0,36.25,40.0,0.0,30.0
2019,UT,Southwest,Q2,0.4436363636363636,2.36,0.19090909090909092,45.0,0.0,80.0,35.0,32.0,52.5,0.0,44.285714285714285
2019,UT,Southwest,Q3,2.58,15.25,0.01666666666666667,60.0,0.0,30.0,36.666666666666664,38.888888888888886,40.0,0.0,45.0
2019,UT,Southwest,Q4,0.7875,1.24,0.025,50.0,0.0,0.0,50.0,35.0,60.0,0.0,30.0
2019,VA,Southeast,Q2,3.836666666666667,6.6,0.15555555555555556,0.0,0.0,0.0,36.25,36.666666666666664,40.0,0.0,50.0
2019,VA,Southeast,Q3,3.26,6.09,0.41875,40.0,0.0,45.0,51.25,61.25,40.0,0.0,70.0
2019,VA,Southeast,Q4,9.875714285714285,21.29,0.3642857142857143,70.0,0.0,43.333333333333336,48.57142857142857,54.285714285714285,50.0,0.0,60.0
2019,VT,Northeast,Q2,0.392,1.44,0.24500000000000002,0.0,0.0,80.0,40.0,38.57142857142857,0.0,0.0,60.0
2019,VT,Northeast,Q3,3.9566666666666666,12.54,0.13333333333333333,70.0,0.0,0.0,52.5,48.75,40.0,0.0,80.0
2019,VT,Northeast,Q4,5.3525,13.95,0.0125,55.0,0.0,30.0,40.0,55.0,30.0,0.0,0.0
2019,WA,Northwest,Q3,2.697142857142857,11.89,0.01904761904761905,0.0,0.0,35.0,38.0,42.38095238095238,42.0,30.0,35.0
2019,WA,Northwest,Q4,3.473333333333333,7.69,0.016666666666666666,0.0,0.0,30.0,30.0,75.0,60.0,0.0,0.0
2019,WI,Upper Midwest,Q2,1.7111111111111112,5.05,0.9333333333333333,40.0,0.0,50.0,32.5,52.5,30.0,0.0,38.333333333333336
2019,WI,Upper Midwest,Q3,0.6690909090909091,1.57,0.19545454545454544,0.0,0.0,0.0,33.333333333333336,40.0,38.0,0.0,50.0
2019,WI,Upper Midwest,Q4,3.335,6.83,0.0,0.0,0.0,0.0,43.333333333333336,55.0,90.0,0.0,30.0
2019,WV,Ohio Valley,Q2,1.6862499999999998,7.93,0.49375,0.0,0.0,30.0,47.5,38.0,0.0,0.0,45.0
2019,WV,Ohio Valley,Q3,3.246,11.43,0.034999999999999996,80.0,0.0,60.0,51.42857142857143,44.44444444444444,90.0,0.0,35.0
2019,WV,Ohio Valley,Q4,10.476666666666667,31.84,0.125,0.0,0.0,0.0,58.333333333333336,60.0,50.0,0.0,90.0
2020,AK,Northwest,Q2,0.0275,0.11,1.5374999999999999,0.0,0.0,0.0,30.0,45.0,30.0,0.0,55.0
2020,AK,Northwest,Q3,1.6049999999999998,5.8,0.15833333333333333,0.0,0.0,90.0,30.0,45.0,0.0,0.0,50.0
2020,AL,Southeast,Q2,3.37,10.12,0.05,0.0,0.0,0.0,71.0,55.45454545454545,40.0,40.0,30.0
2020,AL,Southeast,Q3,2.033333333333333,4.34,0.06666666666666668,0.0,0.0,0.0,58.57142857142857,44.44444444444444,70.0,0.0,30.0
2020,AL,Southeast,Q4,3.8166666666666664,6.53,0.09999999999999999,70.0,0.0,0.0,60.0,56.666666666666664,0.0,0.0,0.0
2020,AR,South,Q2,2.8049999999999997,5.08,0.025000000000000005,90.0,0.0,90.0,58.333333333333336,76.66666666666667,40.0,0.0,70.0
2020,AR,South,Q3,3.158666666666667,12.16,0.029999999999999995,45.0,0.0,0.0,61.53846153846154,62.142857142857146,40.0,0.0,36.666666666666664
2020,AR,South,Q4,8.866666666666667,14.65,0.0,0.0,0.0,0.0,35.0,53.333333333333336,0.0,0.0,0.0
2020,CA,West,Q1,0.3994444444444445,2.0,1.2029411764705882,50.0,0.0,42.5,41.333333333333336,38.333333333333336,50.0,60.0,45.714285714285715
2020,CA,West,Q2,1.15,5.41,0.5,50.0,0.0,80.0,43.529411764705884,52.35294117647059,50.0,0.0,47.142857142857146
2020,CA,West,Q3,2.0925000000000002,3.7,0.425,70.0,0.0,0.0,42.5,65.0,60.0,0.0,30.0
2020,DE,Northeast,Q2,1.9688888888888887,3.88,0.0,60.0,0.0,50.0,35.714285714285715,47.77777777777778,60.0,0.0,30.0
2020,DE,Northeast,Q3,2.533333333333333,5.4,0.0033333333333333335,45.0,0.0,80.0,45.0,52.0,43.333333333333336,0.0,36.666666666666664
2020,FL,Southeast,Q1,2.67,7.11,1.3,50.0,0.0,0.0,63.333333333333336,53.333333333333336,30.0,0.0,0.0
2020,FL,Southeast,Q3,0.852,1.72,0.13,70.0,0.0,0.0,46.0,44.0,35.0,0.0,0.0
2020,FL,Southeast,Q4,1.5045454545454546,9.74,0.8045454545454546,43.333333333333336,0.0,65.0,41.81818181818182,40.90909090909091,45.0,0.0,50.0
2020,GA,Southeast,Q3,1.2619047619047619,6.76,0.13333333333333333,42.857142857142854,0.0,30.0,53.333333333333336,44.0,43.333333333333336,0.0,43.333333333333336
2020,GA,Southeast,Q4,5.57,11.19,0.05000000000000001,0.0,0.0,0.0,53.333333333333336,56.666666666666664,0.0,0.0,60.0
2020,HI,Hawaii,Q1,0.6775,2.71,2.1999999999999997,50.0,0.0,0.0,55.0,50.0,0.0,0.0,0.0
2020,HI,Hawaii,Q3,0.0,0.0,0.0,0.0,0.0,0.0,30.0,30.0,0.0,0.0,0.0
2020,ID,Northwest,Q2,0.0,0.0,2.2,0.0,0.0,0.0,0.0,30.0,0.0,0.0,50.0
2020,ID,Northwest,Q3,2.679444444444444,7.9,0.08333333333333333,40.0,0.0,40.0,42.0,45.0,45.0,0.0,30.0
2020,ID,Northwest,Q4,4.86,4.86,0.0,30.0,0.0,30.0,50.0,70.0,0.0,0.0,0.0
2020,IL,Ohio Valley,Q3,3.902173913043478,11.57,0.01956521739130435,45.0,0.0,30.0,47.64705882352941,55.45454545454545,0.0,0.0,45.0
2020,IN,Ohio Valley,Q3,2.485,5.74,0.039999999999999994,70.0,0.0,0.0,47.5,56.0,60.0,0.0,42.5
2020,IN,Ohio Valley,Q4,3.1808333333333336,10.24,0.0375,68.33333333333333,0.0,0.0,54.54545454545455,55.833333333333336,46.666666666666664,0.0,50.0
2020,KY,Ohio Valley,Q2,0.9618181818181818,3.66,0.2,0.0,0.0,75.0,36.0,33.0,70.0,0.0,52.5
2020,KY,Ohio Valley,Q3,2.661,8.81,0.005,60.0,0.0,35.0,37.5,46.0,70.0,0.0,30.0
2020,KY,Ohio Valley,Q4,8.175,14.33,0.1,0.0,0.0,0.0,85.0,75.0,30.0,0.0,0.0
2020,LA,South,Q2,0.485,0.51,2.525,0.0,0.0,30.0,50.0,40.0,80.0,0.0,80.0
2020,LA,South,Q3,2.217857142857143,7.7,0.03571428571428571,57.5,0.0,0.0,55.45454545454545,57.142857142857146,34.0,0.0,53.333333333333336
2020,LA,South,Q4,4.146249999999999,10.45,0.61875,60.0,0.0,0.0,53.75,50.0,45.0,0.0,30.0
2020,MA,Northeast,Q3,3.7926315789473684,19.64,0.03157894736842106,0.0,0.0,55.0,51.333333333333336,51.111111111111114,50.0,0.0,32.0
2020,MA,Northeast,Q4,6.098,13.95,0.05,0.0,0.0,50.0,68.0,78.0,60.0,0.0,30.0
2020,MD,Northeast,Q3,1.771304347826087,8.11,0.015217391304347827,55.0,0.0,50.0,41.53846153846154,43.63636363636363,33.333333333333336,0.0,33.333333333333336
2020,MI,Upper Midwest,Q2,0.0,0.0,0.0,0.0,0.0,0.0,70.0,30.0,0.0,0.0,0.0
2020,MI,Upper Midwest,Q3,6.966666666666668,18.78,0.0,0.0,0.0,70.0,50.0,46.666666666666664,30.0,0.0,0.0
2020,MI,Upper Midwest,Q4,5.4025,18.55,0.29,73.07692307692308,0.0,47.5,71.0,71.0,63.84615384615385,40.0,60.0
2020,MN,Upper Midwest,Q2,0.258,1.1,0.48999999999999994,0.0,0.0,0.0,30.0,30.0,61.666666666666664,0.0,36.666666666666664
2020,MN,Upper Midwest,Q3,7.6,26.9,0.028571428571428574,47.5,0.0,0.0,40.0,61.42857142857143,0.0,0.0,45.0
2020,MN,Upper Midwest,Q4,1.7671428571428571,7.8,0.0071428571428571435,30.0,0.0,30.0,48.333333333333336,45.714285714285715,30.0,0.0,0.0
2020,MT,Northern Rockies & Plains,Q2,0.07833333333333334,0.39,2.0500000000000003,0.0,0.0,0.0,30.0,41.666666666666664,46.666666666666664,0.0,46.666666666666664
2020,MT,Northern Rockies & Plains,Q3,1.2385714285714284,7.35,0.14285714285714285,0.0,0.0,80.0,40.0,43.0,42.857142857142854,40.0,40.0
2020,ND,Northern Rockies & Plains,Q2,0.43466666666666665,1.55,0.4033333333333333,50.0,0.0,55.0,31.666666666666668,32.0,30.0,0.0,52.857142857142854
2020,ND,Northern Rockies & Plains,Q3,2.6,7.11,0.2875,0.0,0.0,0.0,50.0,40.0,30.0,0.0,30.0
2020,ND,Northern Rockies & Plains,Q4,1.5050000000000001,6.9,0.17500000000000002,0.0,0.0,0.0,54.0,55.0,55.0,0.0,30.0
2020,NE,Northern Rockies & Plains,Q2,1.0811111111111111,3.91,0.9333333333333333,0.0,0.0,50.0,34.0,46.666666666666664,62.0,0.0,30.0
2020,NE,Northern Rockies & Plains,Q3,3.8453333333333335,22.12,0.043333333333333335,50.0,0.0,50.0,50.833333333333336,56.666666666666664,50.0,0.0,58.57142857142857
2020,NV,Southwest,Q3,6.728823529411764,22.68,0.08235294117647059,0.0,0.0,0.0,57.27272727272727,53.125,60.0,0.0,47.142857142857146
2020,NV,Southwest,Q4,19.119999999999997,33.76,0.0,0.0,0.0,0.0,50.0,85.0,80.0,0.0,65.0
2020,NY,Northeast,Q2,0.57,0.57,0.15,0.0,0.0,0.0,50.0,30.0,30.0,0.0,90.0
2020,NY,Northeast,Q3,2.4305,11.05,0.2,50.0,0.0,50.0,46.0,48.333333333333336,30.0,0.0,45.0
2020,NY,Northeast,Q4,5.650000000000001,11.88,0.15,65.0,0.0,0.0,76.66666666666667,73.33333333333333,50.0,0.0,0.0
2020,OR,Northwest,Q2,1.90375,5.65,0.17500000000000002,0.0,0.0,0.0,30.0,42.5,33.333333333333336,0.0,45.714285714285715
2020,OR,Northwest,Q3,4.294444444444444,12.21,0.1111111111111111,60.0,0.0,45.0,35.714285714285715,55.55555555555556,40.0,0.0,50.0
2020,OR,Northwest,Q4,2.3283333333333336,6.42,0.041666666666666664,40.0,0.0,0.0,46.666666666666664,43.333333333333336,30.0,0.0,35.0
2020,PA,Northeast,Q2,0.6675,1.95,0.425,0.0,0.0,80.0,30.0,30.0,70.0,0.0,80.0
2020,PA,Northeast,Q3,2.713888888888889,8.96,0.19166666666666668,40.0,0.0,45.0,48.46153846153846,43.333333333333336,30.0,0.0,0.0
2020,SC,Southeast,Q1,1.3833333333333335,1.92,0.5499999999999999,30.0,0.0,50.0,30.0,50.0,60.0,0.0,45.0
2020,SC,Southeast,Q2,2.763333333333333,12.6,0.41904761904761906,0.0,0.0,41.111111111111114,32.5,46.0,45.714285714285715,30.0,45.55555555555556
2020,SC,Southeast,Q3,0.645,1.08,0.0,0.0,0.0,0.0,55.0,70.0,50.0,0.0,0.0
2020,SD,Northern Rockies & Plains,Q3,2.637826086956522,13.44,0.07391304347826087,30.0,0.0,0.0,44.705882352941174,50.869565217391305,54.0,0.0,47.5
2020,SD,Northern Rockies & Plains,Q4,3.565,7.1,0.049999999999999996,40.0,0.0,0.0,75.0,63.333333333333336,73.33333333333333,0.0,30.0
2020,TN,Southeast,Q1,0.0,0.0,0.0,0.0,0.0,0.0,50.0,30.0,0.0,0.0,0.0
2020,TN,Southeast,Q3,2.29,4.71,0.0,0.0,0.0,0.0,60.0,55.0,0.0,0.0,50.0
2020,TX,South,Q1,4.06,14.93,0.125,60.0,0.0,0.0,36.666666666666664,45.0,80.0,0.0,40.0
2020,TX,South,Q2,1.6514285714285715,6.15,0.32857142857142857,0.0,0.0,80.0,40.0,42.857142857142854,0.0,0.0,42.5
2020,TX,South,Q3,0.17,0.17,0.26999999999999996,0.0,0.0,0.0,35.0,40.0,46.666666666666664,0.0,43.333333333333336
2020,TX,South,Q4,1.0533333333333335,2.7,0.18125000000000002,50.0,0.0,50.0,40.0,40.0,30.0,0.0,40.0
2020,UT,Southwest,Q2,0.7585714285714287,2.1,0.15714285714285717,0.0,0.0,0.0,32.5,43.333333333333336,50.0,0.0,45.0
2020,UT,Southwest,Q3,5.39,16.81,0.14,70.0,0.0,0.0,40.0,50.0,30.0,0.0,0.0
2020,UT,Southwest,Q4,5.566666666666667,13.64,0.11666666666666665,0.0,0.0,70.0,70.0,60.0,0.0,0.0,50.0
2020,VA,Southeast,Q3,1.962142857142857,6.76,0.05714285714285715,80.0,0.0,30.0,55.0,50.0,0.0,0.0,80.0
2020,VA,Southeast,Q4,5.768,19.51,0.085,50.0,0.0,0.0,53.0,54.0,0.0,0.0,0.0
2020,VT,Northeast,Q2,0.7133333333333334,1.78,0.16666666666666666,0.0,0.0,0.0,30.0,33.333333333333336,50.0,0.0,0.0
2020,VT,Northeast,Q3,3.526666666666667,7.63,0.18333333333333335,65.71428571428571,0.0,65.0,53.07692307692308,51.666666666666664,30.0,0.0,40.0
2020,VT,Northeast,Q4,8.02,11.52,0.0,73.33333333333333,0.0,0.0,76.66666666666667,80.0,0.0,0.0,0.0
2020,WI,Upper Midwest,Q2,2.005,2.61,0.0,0.0,0.0,0.0,30.0,45.0,80.0,0.0,0.0
2020,WI,Upper Midwest,Q3,3.0411764705882356,15.03,0.052941176470588235,85.0,0.0,30.0,46.15384615384615,51.76470588235294,36.666666666666664,0.0,30.0
2020,WI,Upper Midwest,Q4,2.1079999999999997,4.14,0.06,68.0,0.0,60.0,52.0,66.0,65.0,0.0,40.0
2020,WV,Ohio Valley,Q2,0.41000000000000003,1.1,0.4,0.0,0.0,50.0,32.0,38.333333333333336,33.333333333333336,0.0,40.0
2020,WV,Ohio Valley,Q3,3.16625,14.37,0.040625,0.0,0.0,50.0,55.714285714285715,49.23076923076923,54.0,0.0,32.5
2021,AK,Northwest,Q2,0.43,0.43,1.25,0.0,0.0,0.0,30.0,30.0,0.0,0.0,50.0
2021,AK,Northwest,Q3,2.8542857142857145,6.69,0.049999999999999996,0.0,0.0,30.0,44.0,64.28571428571429,0.0,0.0,50.0
2021,AL,Southeast,Q2,1.44625,4.71,0.2625,0.0,0.0,70.0,40.0,47.5,42.0,0.0,50.0
2021,AL,Southeast,Q3,2.48125,7.7,0.4125,0.0,0.0,90.0,48.57142857142857,66.25,30.0,0.0,0.0
2021,AL,Southeast,Q4,3.14,8.24,0.025,0.0,0.0,90.0,65.0,52.5,0.0,0.0,75.0
2021,AR,South,Q2,0.922,2.15,0.11000000000000001,50.0,0.0,55.0,44.285714285714285,52.22222222222222,55.0,0.0,45.0
2021,AR,South,Q3,1.3116666666666665,3.38,0.008333333333333333,0.0,0.0,40.0,46.666666666666664,56.666666666666664,0.0,0.0,70.0
2021,AR,South,Q4,2.4025,7.19,0.0125,0.0,0.0,70.0,41.666666666666664,54.285714285714285,90.0,0.0,0.0
2021,CA,West,Q1,0.43631578947368416,1.25,0.9736842105263158,30.0,0.0,0.0,38.75,39.473684210526315,30.0,0.0,56.0
2021,CA,West,Q2,1.2306896551724138,8.02,0.5344827586206896,0.0,0.0,54.0,49.166666666666664,43.57142857142857,43.333333333333336,0.0,50.666666666666664
2021,CA,West,Q3,0.7933333333333333,2.56,0.05833333333333333,75.0,0.0,0.0,45.0,61.666666666666664,35.0,0.0,55.0
2021,CA,West,Q4,0.7366666666666667,1.43,0.08333333333333333,50.0,0.0,70.0,46.666666666666664,56.666666666666664,0.0,0.0,30.0
2021,CO,Southwest,Q3,0.36,0.79,0.0,30.0,0.0,40.0,30.0,35.714285714285715,0.0,0.0,30.0
2021,DE,Northeast,Q2,1.1099999999999999,1.19,0.1,0.0,0.0,0.0,30.0,50.0,80.0,0.0,0.0
2021,DE,Northeast,Q3,1.2029411764705882,2.61,0.1823529411764706,50.0,0.0,40.0,50.90909090909091,53.75,57.5,0.0,52.5
2021,DE,Northeast,Q4,8.28,16.15,0.025,60.0,0.0,50.0,75.0,80.0,80.0,0.0,0.0
2021,FL,Southeast,Q1,3.4200000000000004,10.01,1.27,50.0,0.0,0.0,68.0,62.0,30.0,0.0,50.0
2021,FL,Southeast,Q2,0.0,0.0,0.65,0.0,0.0,0.0,0.0,30.0,0.0,0.0,0.0
2021,FL,Southeast,Q3,2.435714285714286,8.43,0.20357142857142857,80.0,0.0,0.0,56.92307692307692,57.142857142857146,60.0,0.0,35.0
2021,FL,Southeast,Q4,3.3388888888888886,10.23,0.3555555555555555,66.66666666666667,0.0,55.0,56.666666666666664,54.44444444444444,80.0,70.0,60.0
2021,GA,Southeast,Q2,0.48,0.48,0.0,0.0,0.0,30.0,30.0,50.0,30.0,0.0,0.0
2021,GA,Southeast,Q3,2.5013333333333336,10.46,0.12666666666666668,36.666666666666664,0.0,90.0,52.0,52.666666666666664,30.0,0.0,0.0
2021,GA,Southeast,Q4,2.9274999999999998,16.9,0.08125,50.0,0.0,30.0,42.5,48.75,40.0,40.0,60.0
2021,HI,Hawaii,Q1,1.0,1.0,0.65,80.0,0.0,0.0,70.0,50.0,0.0,0.0,0.0
2021,HI,Hawaii,Q2,0.0,0.0,0.45,0.0,0.0,0.0,0.0,0.0,0.0,0.0,0.0
2021,HI,Hawaii,Q4,0.7606666666666667,4.88,0.9433333333333334,40.0,0.0,0.0,54.0,42.0,0.0,30.0,30.0
2021,ID,Northwest,Q2,0.111875,0.75,0.21875,0.0,0.0,0.0,30.0,33.75,40.0,0.0,38.0
2021,ID,Northwest,Q3,3.0439999999999996,17.47,0.025,55.0,0.0,0.0,35.714285714285715,49.0,40.0,0.0,50.0
2021,ID,Northwest,Q4,0.0,0.0,0.2,0.0,0.0,0.0,0.0,30.0,0.0,0.0,50.0
2021,IL,Ohio Valley,Q3,1.27,1.27,0.0,0.0,0.0,0.0,30.0,70.0,0.0,0.0,0.0
2021,IN,Ohio Valley,Q2,0.5333333333333333,1.31,0.21666666666666667,0.0,0.0,30.0,30.0,30.0,30.0,0.0,66.66666666666667
2021,IN,Ohio Valley,Q3,2.3325,6.94,0.05000000000000001,62.5,0.0,60.0,52.0,58.333333333333336,62.0,0.0,36.0
2021,IN,Ohio Valley,Q4,2.198,9.0,0.045,55.714285714285715,0.0,0.0,56.666666666666664,56.0,57.5,0.0,50.0
2021,KY,Ohio Valley,Q1,0.0,0.0,0.55,0.0,0.0,70.0,0.0,30.0,0.0,0.0,80.0
2021,KY,Ohio Valley,Q2,0.24545454545454548,1.27,0.3590909090909091,0.0,0.0,70.0,38.0,42.0,30.0,0.0,50.0
2021,KY,Ohio Valley,Q3,1.9120000000000001,10.1,0.034999999999999996,70.0,0.0,60.0,38.333333333333336,43.0,60.0,0.0,50.0
2021,KY,Ohio Valley,Q4,4.4366666666666665,7.32,0.13333333333333333,60.0,0.0,0.0,46.666666666666664,56.666666666666664,40.0,0.0,0.0
2021,LA,South,Q3,1.6966666666666665,3.62,0.09166666666666667,0.0,0.0,0.0,50.0,50.0,50.0,0.0,30.0
2021,LA,South,Q4,0.8314285714285715,1.97,0.07857142857142858,0.0,0.0,0.0,35.0,40.0,0.0,0.0,40.0
2021,MA,Northeast,Q3,1.1742105263157894,5.14,0.4105263157894737,0.0,0.0,50.0,40.714285714285715,45.78947368421053,30.0,0.0,60.0
2021,MA,Northeast,Q4,2.4125,4.67,0.7875,0.0,0.0,0.0,57.5,60.0,30.0,0.0,0.0
2021,MD,Northeast,Q2,0.46714285714285714,0.72,0.22142857142857145,0.0,0.0,0.0,33.333333333333336,37.142857142857146,0.0,0.0,60.0
2021,MD,Northeast,Q3,1.3152941176470587,4.8,0.14705882352941177,70.0,0.0,52.5,39.0,41.76470588235294,30.0,0.0,30.0
2021,ME,Northeast,Q2,0.22666666666666668,1.53,1.1277777777777778,0.0,0.0,80.0,30.0,31.11111111111111,60.0,0.0,43.333333333333336
2021,ME,Northeast,Q3,1.7040000000000002,13.57,0.22666666666666666,0.0,0.0,63.333333333333336,45.833333333333336,45.0,60.0,0.0,53.333333333333336
2021,MI,Upper Midwest,Q2,0.9774999999999999,2.01,0.21875,0.0,0.0,0.0,38.333333333333336,47.5,46.666666666666664,0.0,51.666666666666664
2021,MI,Upper Midwest,Q3,1.62,4.38,0.06875,76.66666666666667,0.0,30.0,56.666666666666664,53.75,65.0,0.0,53.333333333333336
2021,MI,Upper Midwest,Q4,8.3975,24.47,0.05625,58.0,0.0,50.0,58.75,67.5,80.0,0.0,30.0
2021,MN,Upper Midwest,Q2,0.28833333333333333,0.93,0.325,0.0,0.0,0.0,30.0,35.0,46.666666666666664,0.0,36.666666666666664
2021,MN,Upper Midwest,Q3,2.19,6.92,0.03,60.0,0.0,0.0,38.0,54.0,70.0,0.0,0.0
2021,MN,Upper Midwest,Q4,0.7050000000000001,0.75,0.025,0.0,0.0,0.0,35.0,45.0,0.0,0.0,30.0
2021,MT,Northern Rockies & Plains,Q2,0.186875,1.0,1.1900000000000002,0.0,0.0,63.333333333333336,35.833333333333336,36.0,45.0,0.0,45.0
2021,MT,Northern Rockies & Plains,Q3,2.232222222222222,8.16,0.25,0.0,0.0,0.0,48.57142857142857,57.77777777777778,56.666666666666664,0.0,40.0
2021,MT,Northern Rockies & Plains,Q4,1.175,1.72,0.0,0.0,0.0,0.0,55.0,65.0,65.0,0.0,50.0
2021,ND,Northern Rockies & Plains,Q2,0.094,0.38,2.075,0.0,0.0,50.0,48.333333333333336,38.0,40.0,0.0,47.77777777777778
2021,ND,Northern Rockies & Plains,Q3,1.0754166666666667,6.56,0.3104166666666667,0.0,0.0,70.0,35.0,39.583333333333336,35.0,0.0,36.666666666666664
2021,ND,Northern Rockies & Plains,Q4,0.185,0.37,0.125,0.0,0.0,0.0,40.0,45.0,0.0,0.0,0.0
2021,NE,Northern Rockies & Plains,Q2,0.6819999999999999,2.03,0.11000000000000001,0.0,0.0,0.0,30.0,42.0,40.0,30.0,60.0
2021,NE,Northern Rockies & Plains,Q3,2.6607142857142856,9.18,0.08214285714285714,45.0,0.0,75.0,45.833333333333336,56.42857142857143,36.666666666666664,0.0,52.5
2021,NE,Northern Rockies & Plains,Q4,10.068,16.61,0.0,75.0,0.0,0.0,64.0,78.0,80.0,0.0,30.0
2021,NV,Southwest,Q3,2.375263157894737,23.66,0.06578947368421052,0.0,0.0,90.0,38.75,43.529411764705884,0.0,0.0,45.0
2021,NY,Northeast,Q2,0.38375,2.32,0.325,0.0,0.0,30.0,31.428571428571427,35.0,30.0,0.0,45.0
2021,NY,Northeast,Q3,1.4437499999999999,9.09,0.128125,73.33333333333333,0.0,44.0,48.57142857142857,53.125,52.5,0.0,33.333333333333336
2021,OR,Northwest,Q2,0.5475,1.05,0.0625,40.0,0.0,30.0,30.0,40.0,0.0,0.0,30.0
2021,OR,Northwest,Q3,2.879411764705882,8.11,0.05,50.0,0.0,55.0,35.55555555555556,44.11764705882353,53.333333333333336,0.0,60.0
2021,OR,Northwest,Q4,3.6533333333333338,8.08,0.16666666666666666,30.0,0.0,0.0,40.0,56.666666666666664,70.0,0.0,60.0
2021,PA,Northeast,Q2,0.7466666666666667,4.05,0.33749999999999997,0.0,0.0,30.0,45.0,49.166666666666664,43.333333333333336,0.0,47.5
2021,PA,Northeast,Q3,1.73125,3.02,0.15,0.0,0.0,55.0,44.285714285714285,50.0,0.0,0.0,0.0
2021,PA,Northeast,Q4,10.5275,16.97,0.025,60.0,0.0,35.0,37.5,72.5,90.0,0.0,50.0
2021,SC,Southeast,Q1,0.33499999999999996,0.96,0.6333333333333333,50.0,0.0,0.0,36.0,33.333333333333336,30.0,0.0,68.0
2021,SC,Southeast,Q2,0.6937500000000001,2.68,0.190625,30.0,0.0,37.5,41.666666666666664,41.875,30.0,0.0,48.0
2021,SC,Southeast,Q3,0.94,0.94,0.0,0.0,0.0,90.0,60.0,90.0,30.0,0.0,0.0
2021,SD,Northern Rockies & Plains,Q2,0.0,0.0,0.55,0.0,0.0,0.0,50.0,30.0,0.0,0.0,0.0
2021,SD,Northern Rockies & Plains,Q3,0.5210526315789474,2.02,0.3157894736842105,0.0,0.0,0.0,37.69230769230769,46.31578947368421,45.0,0.0,41.81818181818182
2021,SD,Northern Rockies & Plains,Q4,1.26,2.52,0.1375,50.0,0.0,0.0,40.0,50.0,40.0,0.0,0.0
2021,TN,Southeast,Q2,0.0,0.0,0.0,0.0,0.0,0.0,30.0,30.0,0.0,0.0,30.0
2021,TN,Southeast,Q3,1.9866666666666666,2.91,0.3666666666666667,0.0,0.0,80.0,50.0,33.333333333333336,0.0,0.0,0.0
2021,TX,South,Q1,0.04666666666666667,0.07,1.5666666666666664,0.0,0.0,0.0,30.0,43.333333333333336,35.0,0.0,50.0
2021,TX,South,Q2,0.06,0.12,0.65,0.0,0.0,0.0,40.0,45.0,50.0,0.0,60.0
2021,TX,South,Q3,2.658333333333333,9.6,0.3833333333333333,70.0,0.0,0.0,56.0,45.0,50.0,0.0,50.0
2021,TX,South,Q4,2.405,8.1,0.1625,50.0,0.0,55.0,47.5,50.0,50.0,0.0,80.0
2021,UT,Southwest,Q2,0.188,0.55,0.25,0.0,0.0,0.0,30.0,34.0,40.0,0.0,50.0
2021,UT,Southwest,Q3,0.2,0.78,0.0125,30.0,0.0,45.0,60.0,40.0,0.0,0.0,70.0
2021,UT,Southwest,Q4,8.648,28.51,0.04,70.0,0.0,30.0,48.0,64.0,90.0,0.0,53.333333333333336
2021,VA,Southeast,Q2,0.5466666666666666,2.02,0.14444444444444446,0.0,0.0,30.0,36.0,43.333333333333336,30.0,0.0,70.0
2021,VA,Southeast,Q3,2.049090909090909,7.01,0.36818181818181817,0.0,0.0,0.0,41.0,54.54545454545455,0.0,0.0,50.0
2021,VA,Southeast,Q4,5.3100000000000005,7.52,0.075,60.0,0.0,55.0,67.5,75.0,30.0,0.0,30.0
2021,VT,Northeast,Q2,0.442,1.11,0.39,0.0,0.0,0.0,30.0,36.0,45.0,0.0,35.0
2021,VT,Northeast,Q3,3.1282352941176472,11.41,0.1941176470588235,48.333333333333336,0.0,50.0,50.833333333333336,55.294117647058826,62.5,0.0,30.0
2021,VT,Northeast,Q4,14.555,15.37,0.2,90.0,0.0,70.0,70.0,90.0,80.0,0.0,30.0
2021,WA,Northwest,Q2,0.13166666666666668,0.41,0.15833333333333333,0.0,0.0,80.0,36.666666666666664,40.0,30.0,0.0,53.333333333333336
2021,WA,Northwest,Q3,0.7988888888888889,2.92,0.12777777777777777,0.0,0.0,40.0,35.0,38.888888888888886,30.0,0.0,40.0
2021,WA,Northwest,Q4,2.1442857142857146,3.83,0.4857142857142857,85.0,0.0,56.666666666666664,54.285714285714285,71.42857142857143,70.0,0.0,0.0
2021,WI,Upper Midwest,Q2,0.168,0.42,0.56,0.0,0.0,0.0,30.0,34.0,43.333333333333336,0.0,46.666666666666664
2021,WI,Upper Midwest,Q3,1.6894117647058824,7.74,0.11176470588235293,50.0,0.0,90.0,48.18181818181818,57.05882352941177,30.0,0.0,45.0
2021,WI,Upper Midwest,Q4,10.469999999999999,17.65,0.0,85.0,0.0,0.0,70.0,70.0,0.0,0.0,0.0
2021,WV,Ohio Valley,Q2,0.398,0.85,0.3,0.0,0.0,0.0,40.0,30.0,30.0,0.0,45.0
2021,WV,Ohio Valley,Q3,2.6533333333333333,12.5,0.11666666666666667,0.0,0.0,30.0,42.666666666666664,45.55555555555556,56.666666666666664,0.0,56.666666666666664
2021,WV,Ohio Valley,Q4,1.56,1.56,0.0,0.0,0.0,80.0,90.0,80.0,0.0,0.0,0.0
2022,AK,Northwest,Q1,0.17,0.17,1.1,0.0,0.0,0.0,0.0,0.0,0.0,0.0,0.0
2022,AK,Northwest,Q2,0.0,0.0,24.05,50.0,0.0,0.0,30.0,30.0,0.0,0.0,60.0
2022,AL,Southeast,Q1,2.3075,6.73,0.19999999999999998,0.0,0.0,30.0,43.333333333333336,53.333333333333336,0.0,0.0,0.0
2022,AL,Southeast,Q2,4.24,4.24,1.3,60.0,0.0,0.0,60.0,80.0,0.0,0.0,0.0
2022,AL,Southeast,Q3,3.2914285714285714,7.85,0.04285714285714286,60.0,0.0,75.0,75.71428571428571,90.0,85.0,0.0,50.0
2022,AL,Southeast,Q4,1.674,3.09,0.19,0.0,0.0,80.0,66.0,80.0,0.0,0.0,0.0
2022,AR,South,Q2,2.4099999999999997,6.02,0.18333333333333335,50.0,50.0,0.0,45.0,63.333333333333336,53.333333333333336,0.0,50.0
2022,AR,South,Q3,3.7283333333333335,6.69,0.020833333333333332,60.0,0.0,70.0,59.09090909090909,70.0,65.0,0.0,60.0
2022,AR,South,Q4,4.818333333333333,13.25,0.016666666666666666,0.0,0.0,0.0,30.0,53.333333333333336,0.0,0.0,0.0
2022,CA,West,Q1,0.01888888888888889,0.17,2.1444444444444444,30.0,0.0,35.0,30.0,37.77777777777778,0.0,0.0,46.666666666666664
2022,CA,West,Q2,1.1796153846153845,5.35,0.573076923076923,30.0,0.0,35.0,36.36363636363637,45.6,50.0,0.0,46.666666666666664
2022,CA,West,Q3,1.5470000000000002,7.46,0.14,90.0,0.0,0.0,44.44444444444444,55.0,30.0,0.0,50.0
2022,CA,West,Q4,0.2525,0.38,0.3625,30.0,0.0,0.0,52.5,62.5,40.0,0.0,70.0
2022,CO,Southwest,Q2,0.5215384615384615,3.09,1.5384615384615385,0.0,0.0,0.0,31.666666666666668,40.76923076923077,55.0,0.0,34.0
2022,CO,Southwest,Q3,1.24,2.97,0.25,0.0,0.0,50.0,30.0,35.0,0.0,0.0,30.0
2022,DE,Northeast,Q2,1.4,2.21,0.3875,0.0,0.0,0.0,36.666666666666664,55.0,30.0,0.0,30.0
2022,DE,Northeast,Q3,1.6595652173913045,5.53,0.10869565217391304,76.66666666666667,0.0,55.0,45.0,60.476190476190474,73.33333333333333,0.0,30.0
2022,DE,Northeast,Q4,2.68,2.68,0.0,0.0,0.0,80.0,30.0,50.0,0.0,0.0,0.0
2022,FL,Southeast,Q1,0.48,0.48,0.0,0.0,0.0,0.0,80.0,70.0,0.0,0.0,0.0
2022,FL,Southeast,Q3,1.7033333333333331,5.06,0.4083333333333334,50.0,0.0,80.0,45.0,55.0,0.0,0.0,90.0
2022,FL,Southeast,Q4,3.9579999999999997,18.28,0.18666666666666665,65.55555555555556,0.0,40.0,61.42857142857143,70.0,60.0,0.0,53.75
2022,GA,Southeast,Q2,0.0,0.0,0.15,60.0,0.0,0.0,50.0,50.0,0.0,0.0,0.0
2022,GA,Southeast,Q3,1.3358333333333334,5.61,0.10833333333333334,70.0,0.0,0.0,49.09090909090909,60.0,70.0,0.0,30.0
2022,GA,Southeast,Q4,1.9699999999999998,10.86,0.2772727272727273,56.666666666666664,0.0,0.0,55.45454545454545,60.90909090909091,60.0,0.0,40.0
2022,HI,Hawaii,Q1,0.4657142857142857,2.27,1.8214285714285714,60.0,0.0,70.0,46.0,35.714285714285715,0.0,0.0,30.0
2022,HI,Hawaii,Q2,4.855,5.87,1.125,0.0,0.0,0.0,40.0,35.0,0.0,0.0,0.0
2022,ID,Northwest,Q2,0.27222222222222225,0.82,0.8500000000000001,0.0,0.0,80.0,30.0,35.55555555555556,50.0,0.0,41.25
2022,ID,Northwest,Q3,0.7716666666666666,2.27,0.1125,0.0,0.0,0.0,43.75,50.0,38.0,0.0,30.0
2022,ID,Northwest,Q4,1.3866666666666667,2.73,0.06666666666666667,0.0,0.0,0.0,66.66666666666667,63.333333333333336,60.0,0.0,0.0
2022,IN,Ohio Valley,Q3,2.5233333333333334,6.93,0.075,77.5,0.0,30.0,48.333333333333336,65.0,66.66666666666667,0.0,52.5
2022,IN,Ohio Valley,Q4,4.739999999999999,9.32,0.13749999999999998,66.0,0.0,0.0,69.16666666666667,73.33333333333333,90.0,0.0,40.0
2022,KY,Ohio Valley,Q2,0.25,1.88,0.10909090909090909,0.0,0.0,70.0,31.11111111111111,38.0,30.0,0.0,41.666666666666664
2022,KY,Ohio Valley,Q3,1.4745454545454544,6.01,0.06818181818181818,60.0,0.0,0.0,41.111111111111114,51.81818181818182,37.5,0.0,30.0
2022,KY,Ohio Valley,Q4,9.76,12.39,0.175,0.0,0.0,30.0,50.0,70.0,0.0,0.0,30.0
2022,LA,South,Q2,1.2054545454545453,3.32,0.6136363636363636,0.0,0.0,55.0,30.0,35.45454545454545,40.0,0.0,31.0
2022,LA,South,Q3,2.970833333333333,7.79,0.0,0.0,0.0,0.0,51.666666666666664,55.0,40.0,0.0,0.0
2022,MA,Northeast,Q2,0.49333333333333335,1.4,1.0,0.0,50.0,0.0,35.0,48.333333333333336,40.0,0.0,54.0
2022,MA,Northeast,Q3,1.9910526315789472,6.11,0.1131578947368421,0.0,60.0,0.0,48.125,55.26315789473684,30.0,0.0,35.0
2022,MD,Northeast,Q2,0.1275,0.28,0.05,0.0,0.0,0.0,0.0,40.0,0.0,0.0,0.0
2022,MD,Northeast,Q3,2.692941176470588,9.21,0.14705882352941177,70.0,0.0,50.0,40.0,58.125,70.0,0.0,0.0
2022,MD,Northeast,Q4,0.44,0.44,0.05,0.0,0.0,0.0,30.0,30.0,0.0,0.0,0.0
2022,ME,Northeast,Q2,0.678,1.18,0.85,0.0,0.0,80.0,32.5,44.0,30.0,0.0,40.0
2022,ME,Northeast,Q3,1.793157894736842,12.62,0.2789473684210526,35.0,85.0,80.0,39.411764705882355,56.8421052631579,35.0,0.0,33.333333333333336
2022,MI,Upper Midwest,Q3,0.55,1.96,0.2785714285714286,60.0,0.0,0.0,46.0,40.0,50.0,0.0,30.0
2022,MN,Upper Midwest,Q2,0.615,1.52,0.11666666666666668,30.0,0.0,0.0,32.5,36.0,52.0,0.0,47.5
2022,MN,Upper Midwest,Q3,0.576111111111111,3.37,0.20555555555555555,33.333333333333336,0.0,60.0,33.529411764705884,37.77777777777778,44.0,0.0,31.0
2022,MT,Northern Rockies & Plains,Q2,0.22400000000000003,0.63,0.44000000000000006,0.0,0.0,0.0,43.333333333333336,48.0,57.5,0.0,40.0
2022,MT,Northern Rockies & Plains,Q3,0.846875,6.32,0.26875,0.0,60.0,60.0,40.0,44.0,63.75,0.0,57.77777777777778
2022,NC,Southeast,Q2,0.0,0.0,2.1,0.0,0.0,0.0,30.0,30.0,0.0,0.0,0.0
2022,NC,Southeast,Q3,4.901666666666666,12.33,0.10833333333333332,0.0,0.0,0.0,56.0,73.33333333333333,56.666666666666664,0.0,0.0
2022,NC,Southeast,Q4,15.005,25.85,0.025,0.0,0.0,0.0,65.0,80.0,0.0,90.0,0.0
2022,ND,Northern Rockies & Plains,Q2,0.29300000000000004,2.23,0.9550000000000001,0.0,0.0,55.0,30.0,40.0,46.666666666666664,0.0,58.75
2022,ND,Northern Rockies & Plains,Q3,1.502,3.34,0.9199999999999999,0.0,0.0,0.0,35.0,44.0,0.0,0.0,43.333333333333336
2022,NE,Northern Rockies & Plains,Q2,0.32,0.75,0.33888888888888885,0.0,0.0,0.0,32.857142857142854,46.666666666666664,84.0,60.0,42.0
2022,NE,Northern Rockies & Plains,Q3,1.9340000000000002,5.65,0.06999999999999999,30.0,0.0,0.0,48.46153846153846,61.42857142857143,64.0,0.0,50.0
2022,NJ,Northeast,Q3,3.62,9.75,0.875,0.0,0.0,0.0,57.5,65.0,0.0,0.0,80.0
2022,NM,Southwest,Q4,5.45125,13.24,0.225,0.0,0.0,0.0,67.5,82.5,60.0,0.0,0.0
2022,NV,Southwest,Q1,0.0,0.0,0.0,0.0,0.0,0.0,0.0,0.0,0.0,0.0,0.0
2022,NV,Southwest,Q2,0.9816666666666666,3.57,0.24166666666666667,0.0,0.0,55.0,36.666666666666664,43.333333333333336,30.0,0.0,48.0
2022,NV,Southwest,Q3,4.742,12.85,0.365,45.0,0.0,80.0,42.22222222222222,54.0,36.666666666666664,0.0,30.0
2022,NY,Northeast,Q2,1.00375,2.56,0.8812500000000001,0.0,70.0,0.0,42.5,38.75,32.5,0.0,33.333333333333336
2022,NY,Northeast,Q3,3.0063636363636363,15.05,0.3045454545454545,80.0,66.0,43.333333333333336,52.0,60.0,80.0,0.0,30.0
2022,NY,Northeast,Q4,6.7700000000000005,11.56,0.12000000000000002,66.66666666666667,0.0,55.0,72.5,75.0,70.0,0.0,0.0
2022,OH,Ohio Valley,Q2,0.6733333333333333,1.31,0.3333333333333333,0.0,0.0,60.0,30.0,50.0,30.0,0.0,70.0
2022,OH,Ohio Valley,Q3,1.78,6.37,0.025,50.0,0.0,30.0,40.0,55.333333333333336,0.0,0.0,0.0
2022,OH,Ohio Valley,Q4,5.17,7.26,0.4,0.0,0.0,0.0,60.0,45.0,0.0,0.0,0.0
2022,OR,Northwest,Q2,1.14,1.14,0.4,0.0,70.0,0.0,40.0,40.0,0.0,0.0,90.0
2022,OR,Northwest,Q3,3.8979999999999997,11.79,0.0425,60.0,77.77777777777777,55.0,48.888888888888886,68.42105263157895,60.0,0.0,77.5
2022,OR,Northwest,Q4,1.44,1.44,0.0,0.0,0.0,0.0,30.0,80.0,0.0,0.0,90.0
2022,PA,Northeast,Q2,0.7941666666666666,4.66,0.725,0.0,80.0,0.0,30.0,38.888888888888886,30.0,0.0,35.0
2022,PA,Northeast,Q3,1.1122222222222222,3.23,0.16111111111111112,0.0,60.0,0.0,36.666666666666664,48.888888888888886,40.0,0.0,60.0
2022,PA,Northeast,Q4,4.78,4.78,0.0,0.0,0.0,0.0,40.0,70.0,0.0,0.0,0.0
2022,SC,Southeast,Q1,2.6550000000000002,3.45,0.475,0.0,0.0,0.0,40.0,50.0,0.0,0.0,0.0
2022,SC,Southeast,Q2,1.3985714285714286,7.56,0.32142857142857145,0.0,0.0,53.333333333333336,35.26315789473684,47.61904761904762,30.0,0.0,41.666666666666664
2022,SD,Northern Rockies & Plains,Q3,0.7892857142857143,4.97,0.19642857142857142,0.0,0.0,50.0,38.57142857142857,42.72727272727273,55.0,0.0,30.0
2022,SD,Northern Rockies & Plains,Q4,4.1530000000000005,14.9,0.155,50.0,0.0,70.0,42.0,62.0,70.0,0.0,30.0
2022,TN,Southeast,Q1,0.126,0.78,0.29500000000000004,70.0,0.0,62.0,30.0,41.111111111111114,0.0,0.0,50.0
2022,TN,Southeast,Q2,0.6000000000000001,4.29,0.4318181818181818,0.0,0.0,30.0,31.666666666666668,37.27272727272727,0.0,0.0,35.0
2022,TX,South,Q1,0.48,0.96,0.675,0.0,0.0,50.0,60.0,40.0,0.0,0.0,50.0
2022,TX,South,Q2,0.37625,1.41,0.5125,0.0,0.0,30.0,30.0,35.0,50.0,0.0,56.666666666666664
2022,TX,South,Q3,2.41,6.12,0.0,30.0,0.0,0.0,40.0,40.0,0.0,0.0,0.0
2022,TX,South,Q4,0.2283333333333333,1.17,0.7666666666666666,0.0,0.0,30.0,36.666666666666664,40.0,80.0,0.0,80.0
2022,UT,Southwest,Q1,0.24,0.24,0.6,0.0,0.0,0.0,30.0,30.0,30.0,0.0,30.0
2022,UT,Southwest,Q2,0.775,2.0,0.7000000000000001,0.0,0.0,55.0,44.0,55.0,30.0,0.0,53.333333333333336
2022,UT,Southwest,Q3,2.4059999999999997,9.31,0.02,0.0,0.0,0.0,42.5,72.5,75.0,0.0,30.0
2022,UT,Southwest,Q4,6.47,6.47,0.0,70.0,0.0,0.0,60.0,80.0,80.0,0.0,0.0
2022,VA,Southeast,Q2,0.8711111111111111,2.42,0.3333333333333333,0.0,0.0,65.0,38.0,51.111111111111114,30.0,0.0,30.0
2022,VA,Southeast,Q3,2.1542857142857144,5.74,0.1285714285714286,47.5,0.0,70.0,37.857142857142854,50.0,45.0,0.0,0.0
2022,VA,Southeast,Q4,0.94,0.94,0.45,0.0,0.0,0.0,30.0,30.0,0.0,0.0,0.0
2022,VT,Northeast,Q2,0.8710000000000001,2.64,0.175,0.0,55.0,65.0,30.0,36.0,40.0,0.0,0.0
2022,VT,Northeast,Q3,1.0871428571428572,4.32,0.18571428571428572,80.0,70.0,76.66666666666667,50.0,51.53846153846154,0.0,0.0,40.0
2022,WA,Northwest,Q3,0.6133333333333333,1.94,0.09166666666666667,0.0,0.0,0.0,40.0,60.0,60.0,0.0,56.666666666666664
2022,WA,Northwest,Q4,2.1561538461538463,4.91,0.12307692307692308,55.0,50.0,30.0,37.142857142857146,54.285714285714285,30.0,0.0,30.0
2022,WI,Upper Midwest,Q2,0.616,1.82,0.18000000000000002,0.0,0.0,0.0,46.666666666666664,52.0,60.0,0.0,60.0
2022,WI,Upper Midwest,Q3,0.9266666666666666,4.07,0.3,30.0,0.0,30.0,41.0,52.857142857142854,50.0,0.0,30.0
2022,WI,Upper Midwest,Q4,0.95,0.95,0.0,60.0,0.0,0.0,80.0,70.0,30.0,0.0,0.0
2022,WV,Ohio Valley,Q2,0.3233333333333333,1.15,0.05833333333333333,0.0,0.0,0.0,30.0,55.0,40.0,0.0,30.0
2022,WV,Ohio Valley,Q3,1.076470588235294,5.13,0.023529411764705882,30.0,60.0,32.5,32.72727272727273,45.625,30.0,0.0,40.0
2022,WV,Ohio Valley,Q4,1.05,1.54,0.225,0.0,0.0,30.0,30.0,40.0,0.0,0.0,70.0
2023,AK,Northwest,Q3,0.5204166666666666,3.66,0.7583333333333333,0.0,0.0,0.0,33.63636363636363,38.5,30.0,0.0,35.0
2023,AL,Southeast,Q1,0.9366666666666666,1.9,0.35000000000000003,0.0,0.0,0.0,30.0,53.333333333333336,90.0,0.0,50.0
2023,AL,Southeast,Q2,2.2244444444444444,4.72,0.08888888888888889,0.0,90.0,0.0,58.333333333333336,70.0,0.0,0.0,0.0
2023,AL,Southeast,Q3,3.28,6.79,0.008333333333333333,40.0,0.0,60.0,48.0,65.0,90.0,0.0,0.0
2023,AL,Southeast,Q4,3.4124999999999996,6.63,0.0,0.0,0.0,80.0,50.0,60.0,0.0,0.0,30.0
2023,AR,South,Q2,3.48,5.63,0.16666666666666666,80.0,0.0,0.0,50.0,70.0,30.0,0.0,45.0
2023,AR,South,Q3,3.2512499999999998,14.81,0.03125,70.0,0.0,0.0,58.57142857142857,72.0,60.0,0.0,0.0
2023,AR,South,Q4,6.103999999999999,15.2,0.18,50.0,0.0,0.0,50.0,62.0,0.0,0.0,0.0
2023,CA,West,Q1,0.08,0.24,1.6500000000000001,0.0,0.0,0.0,30.0,43.333333333333336,60.0,0.0,70.0
2023,CA,West,Q2,0.8896774193548387,5.06,0.9919354838709677,44.285714285714285,0.0,40.0,49.583333333333336,57.096774193548384,49.0,0.0,45.90909090909091
2023,CA,West,Q3,0.4357142857142858,1.08,0.14285714285714285,80.0,0.0,30.0,44.285714285714285,48.57142857142857,50.0,0.0,70.0
2023,CO,Southwest,Q2,0.1763636363636364,2.31,1.2204545454545455,0.0,0.0,50.0,42.142857142857146,43.63636363636363,61.666666666666664,0.0,49.285714285714285
2023,CO,Southwest,Q3,0.0,0.0,0.4,0.0,0.0,0.0,30.0,30.0,0.0,0.0,0.0
2023,DE,Northeast,Q2,0.965,2.92,0.4,0.0,0.0,30.0,36.666666666666664,45.0,50.0,0.0,30.0
2023,DE,Northeast,Q3,1.984375,6.12,0.15625,50.0,0.0,60.0,44.0,62.5,46.666666666666664,0.0,33.333333333333336
2023,DE,Northeast,Q4,5.1049999999999995,13.75,0.19999999999999998,70.0,0.0,40.0,45.0,72.5,0.0,0.0,0.0
2023,FL,Southeast,Q1,0.6100000000000001,0.67,0.35,0.0,0.0,0.0,45.0,60.0,0.0,0.0,60.0
2023,FL,Southeast,Q3,1.2433333333333332,2.76,0.03333333333333333,0.0,0.0,0.0,43.333333333333336,33.333333333333336,30.0,0.0,60.0
2023,FL,Southeast,Q4,0.9019999999999999,5.02,0.45666666666666667,30.0,0.0,0.0,50.76923076923077,55.333333333333336,35.0,0.0,46.36363636363637
2023,GA,Southeast,Q3,1.682857142857143,5.47,0.1285714285714286,77.5,0.0,0.0,61.666666666666664,72.85714285714286,90.0,0.0,70.0
2023,GA,Southeast,Q4,3.22,7.41,0.17,0.0,0.0,0.0,42.0,58.0,55.0,0.0,60.0
2023,ID,Northwest,Q2,0.12333333333333332,0.47,0.4,30.0,0.0,0.0,30.0,35.55555555555556,50.0,0.0,51.42857142857143
2023,ID,Northwest,Q3,1.891111111111111,7.79,0.1388888888888889,0.0,0.0,40.0,42.857142857142854,51.111111111111114,42.5,0.0,40.0
2023,ID,Northwest,Q4,1.4266666666666665,6.2,0.7333333333333334,0.0,0.0,0.0,32.0,38.333333333333336,0.0,0.0,0.0
2023,IN,Ohio Valley,Q2,0.44,1.32,0.13333333333333333,0.0,0.0,0.0,46.666666666666664,50.0,0.0,0.0,50.0
2023,IN,Ohio Valley,Q3,3.152,7.94,0.07333333333333333,75.0,70.0,0.0,59.285714285714285,75.33333333333333,73.33333333333333,40.0,43.333333333333336
2023,IN,Ohio Valley,Q4,4.203333333333333,8.77,0.15,55.0,0.0,55.0,56.666666666666664,70.0,62.5,0.0,30.0
2023,KY,Ohio Valley,Q2,0.30454545454545456,1.15,0.30454545454545456,0.0,0.0,60.0,36.0,40.90909090909091,30.0,0.0,38.57142857142857
2023,KY,Ohio Valley,Q3,3.386,7.35,0.16,40.0,50.0,60.0,37.5,53.0,50.0,0.0,30.0
2023,KY,Ohio Valley,Q4,12.96,14.81,0.125,0.0,0.0,40.0,45.0,80.0,0.0,0.0,0.0
2023,LA,South,Q2,1.6025,6.29,0.31666666666666665,0.0,0.0,55.0,51.666666666666664,60.0,45.0,0.0,51.42857142857143
2023,MA,Northeast,Q2,0.52,1.92,0.3941176470588235,0.0,73.33333333333333,50.0,30.0,34.705882352941174,47.5,0.0,45.0
2023,MA,Northeast,Q3,2.6566666666666667,4.3,0.39999999999999997,0.0,30.0,80.0,40.0,68.33333333333333,0.0,0.0,45.0
2023,MA,Northeast,Q4,6.5,6.5,0.05,0.0,0.0,0.0,50.0,70.0,0.0,0.0,0.0
2023,MD,Northeast,Q2,0.9400000000000001,2.53,1.06,0.0,0.0,30.0,30.0,60.0,30.0,0.0,70.0
2023,MD,Northeast,Q3,3.481111111111111,7.18,0.3555555555555555,70.0,0.0,50.0,44.285714285714285,72.22222222222223,30.0,0.0,0.0
2023,MD,Northeast,Q4,6.626,21.35,0.23500000000000001,73.33333333333333,0.0,50.0,47.5,60.0,0.0,0.0,0.0
2023,ME,Northeast,Q2,0.19555555555555554,1.15,1.3222222222222222,0.0,0.0,30.0,36.0,33.75,50.0,0.0,60.0
2023,ME,Northeast,Q3,1.8566666666666665,7.39,0.2833333333333333,0.0,60.0,30.0,50.0,61.333333333333336,50.0,0.0,45.0
2023,MI,Upper Midwest,Q2,0.159,0.69,1.22,50.0,0.0,0.0,32.5,34.0,46.666666666666664,0.0,44.285714285714285
2023,MI,Upper Midwest,Q3,0.355,0.46,0.0,0.0,0.0,0.0,0.0,40.0,0.0,0.0,0.0
2023,MN,Upper Midwest,Q3,3.9321739130434783,38.63,0.14782608695652175,70.0,0.0,36.666666666666664,53.333333333333336,52.17391304347826,45.0,0.0,44.0
2023,MT,Northern Rockies & Plains,Q2,0.2127272727272727,1.35,0.6590909090909091,43.333333333333336,0.0,50.0,46.36363636363637,46.36363636363637,68.57142857142857,0.0,62.22222222222222
2023,MT,Northern Rockies & Plains,Q3,7.9975,60.0,0.06875,0.0,0.0,0.0,55.0,63.75,60.0,0.0,65.0
2023,NC,Southeast,Q1,0.0,0.0,0.0,0.0,0.0,70.0,60.0,90.0,0.0,0.0,0.0
2023,NC,Southeast,Q2,2.2514285714285713,3.94,0.38571428571428573,0.0,50.0,0.0,44.285714285714285,57.142857142857146,80.0,0.0,30.0
2023,NC,Southeast,Q3,3.58,4.87,0.275,0.0,0.0,0.0,85.0,90.0,0.0,0.0,0.0
2023,ND,Northern Rockies & Plains,Q2,0.31181818181818177,1.41,0.5863636363636364,30.0,0.0,90.0,35.0,51.111111111111114,55.0,0.0,65.55555555555556
2023,ND,Northern Rockies & Plains,Q3,0.8608333333333333,3.32,0.6666666666666666,50.0,0.0,36.666666666666664,47.5,60.833333333333336,70.0,0.0,30.0
2023,ND,Northern Rockies & Plains,Q4,0.84,1.27,0.03333333333333333,60.0,0.0,0.0,60.0,76.66666666666667,60.0,0.0,30.0
2023,NE,Northern Rockies & Plains,Q3,1.9752941176470586,8.9,0.026470588235294117,35.0,0.0,0.0,42.94117647058823,60.0,51.42857142857143,0.0,33.333333333333336
2023,NE,Northern Rockies & Plains,Q4,3.4414285714285713,12.26,0.028571428571428574,0.0,0.0,0.0,47.142857142857146,61.42857142857143,40.0,0.0,0.0
2023,NJ,Northeast,Q2,0.9244999999999999,3.26,0.4131578947368421,30.0,73.33333333333333,50.0,39.23076923076923,44.21052631578947,52.0,0.0,45.0
2023,NJ,Northeast,Q3,3.2800000000000002,5.19,0.0,0.0,0.0,30.0,45.0,65.0,60.0,0.0,0.0
2023,NM,Southwest,Q2,1.00625,5.37,0.303125,50.0,0.0,60.0,42.5,46.25,56.0,0.0,42.857142857142854
2023,NM,Southwest,Q3,3.835,6.48,0.0,0.0,0.0,30.0,70.0,70.0,0.0,0.0,0.0
2023,NM,Southwest,Q4,1.73,2.88,0.125,0.0,0.0,0.0,35.0,75.0,0.0,0.0,30.0
2023,NV,Southwest,Q2,22.095,40.35,0.0,0.0,0.0,0.0,30.0,50.0,0.0,0.0,0.0
2023,NV,Southwest,Q3,2.383,9.24,0.135,0.0,0.0,80.0,40.0,41.111111111111114,0.0,0.0,55.0
2023,NV,Southwest,Q4,2.893333333333333,9.02,0.03333333333333333,0.0,0.0,60.0,46.0,56.666666666666664,90.0,0.0,0.0
2023,NY,Northeast,Q2,0.6012500000000001,2.37,1.225,50.0,83.33333333333333,45.0,42.0,37.5,63.333333333333336,0.0,42.5
2023,NY,Northeast,Q3,1.8399999999999999,5.8,0.525,60.0,66.0,30.0,55.55555555555556,66.0,60.0,0.0,45.0
2023,NY,Northeast,Q4,5.653333333333333,9.61,0.25,65.0,30.0,40.0,62.0,61.666666666666664,66.66666666666667,0.0,45.0
2023,OH,Ohio Valley,Q2,1.445,2.16,0.0,60.0,0.0,0.0,0.0,65.0,0.0,0.0,0.0
2023,OH,Ohio Valley,Q3,1.7855555555555556,6.41,0.016666666666666666,35.0,0.0,55.0,32.0,50.0,30.0,0.0,30.0
2023,OK,South,Q2,1.63,2.82,1.0375,30.0,0.0,35.0,55.0,55.0,0.0,0.0,30.0
2023,OK,South,Q3,0.716,2.33,0.1,0.0,0.0,0.0,36.666666666666664,42.0,0.0,0.0,0.0
2023,OK,South,Q4,4.0925,6.42,0.25,55.0,0.0,0.0,43.333333333333336,55.0,0.0,0.0,0.0
2023,OR,Northwest,Q3,0.24,0.24,0.25,0.0,0.0,0.0,40.0,50.0,80.0,0.0,0.0
2023,PA,Northeast,Q2,0.81,2.65,0.1375,40.0,60.0,53.333333333333336,40.0,50.0,65.0,0.0,32.5
2023,PA,Northeast,Q3,2.9892857142857143,11.56,0.16785714285714287,50.0,0.0,30.0,45.0,56.42857142857143,40.0,0.0,30.0
2023,PA,Northeast,Q4,8.23,12.47,0.35000000000000003,60.0,0.0,50.0,45.0,80.0,30.0,0.0,30.0
2023,SC,Southeast,Q1,0.7155555555555555,2.85,0.34444444444444444,0.0,0.0,80.0,47.142857142857146,50.0,63.333333333333336,0.0,47.5
2023,SC,Southeast,Q2,0.8606666666666667,4.27,0.5533333333333333,0.0,0.0,35.0,38.333333333333336,48.666666666666664,50.0,0.0,37.27272727272727
2023,SC,Southeast,Q4,5.336666666666666,5.81,0.0,0.0,0.0,0.0,43.333333333333336,76.66666666666667,0.0,0.0,0.0
2023,SD,Northern Rockies & Plains,Q2,0.9640000000000001,1.94,0.44000000000000006,0.0,0.0,0.0,52.5,50.0,30.0,0.0,67.5
2023,SD,Northern Rockies & Plains,Q3,2.458235294117647,7.06,0.17058823529411768,50.0,0.0,30.0,50.0,61.25,70.0,0.0,60.0
2023,SD,Northern Rockies & Plains,Q4,0.365,0.37,0.7749999999999999,0.0,0.0,0.0,30.0,30.0,0.0,0.0,30.0
2023,TN,Southeast,Q1,0.25,1.17,0.0409090909090909,0.0,0.0,0.0,36.666666666666664,47.27272727272727,0.0,0.0,50.0
2023,TN,Southeast,Q2,0.9487500000000001,5.58,0.15625,0.0,0.0,0.0,37.5,35.714285714285715,0.0,0.0,40.0
2023,TN,Southeast,Q3,3.91,7.74,0.0,0.0,0.0,50.0,70.0,76.66666666666667,40.0,0.0,80.0
2023,TN,Southeast,Q4,0.0,0.0,0.2,0.0,0.0,0.0,40.0,60.0,0.0,0.0,60.0
2023,TX,South,Q1,0.7185714285714286,3.47,0.21428571428571427,35.0,0.0,0.0,33.333333333333336,48.57142857142857,30.0,0.0,56.666666666666664
2023,TX,South,Q2,0.6875,1.61,0.43124999999999997,0.0,0.0,0.0,47.142857142857146,53.75,70.0,0.0,40.0
2023,TX,South,Q3,0.7866666666666667,1.6,0.016666666666666666,0.0,0.0,0.0,36.666666666666664,50.0,0.0,0.0,0.0
2023,TX,South,Q4,2.6042857142857145,11.82,0.3,70.0,0.0,0.0,47.142857142857146,45.714285714285715,60.0,0.0,30.0
2023,UT,Southwest,Q2,0.1825,0.62,1.7375,0.0,0.0,0.0,30.0,30.0,66.66666666666667,0.0,42.857142857142854
2023,UT,Southwest,Q3,1.9781818181818183,14.22,0.17272727272727273,0.0,0.0,50.0,38.57142857142857,52.0,50.0,0.0,50.0
2023,UT,Southwest,Q4,0.396,0.97,0.8099999999999999,0.0,0.0,30.0,36.0,44.0,0.0,0.0,60.0
2023,VA,Southeast,Q2,2.8333333333333335,5.25,0.4222222222222222,0.0,65.0,53.333333333333336,47.77777777777778,62.22222222222222,40.0,0.0,40.0
2023,VA,Southeast,Q3,4.02,7.42,0.1111111111111111,90.0,0.0,30.0,51.42857142857143,65.55555555555556,40.0,0.0,60.0
2023,VA,Southeast,Q4,4.935,12.42,0.08333333333333333,0.0,0.0,90.0,52.0,58.333333333333336,0.0,0.0,30.0
2023,VT,Northeast,Q2,0.6599999999999999,1.9,0.54,30.0,80.0,75.0,30.0,35.0,60.0,0.0,60.0
2023,VT,Northeast,Q3,0.7364285714285714,4.68,0.17142857142857143,70.0,82.22222222222223,45.0,30.0,37.142857142857146,0.0,0.0,30.0
2023,WI,Upper Midwest,Q1,0.0,0.0,1.75,30.0,0.0,0.0,80.0,80.0,40.0,0.0,0.0
2023,WI,Upper Midwest,Q2,0.44,1.88,0.7055555555555555,30.0,0.0,30.0,35.0,41.111111111111114,32.0,0.0,54.44444444444444
2023,WI,Upper Midwest,Q3,1.4792307692307693,8.38,0.04615384615384615,0.0,0.0,60.0,51.111111111111114,54.166666666666664,55.0,0.0,37.5
2023,WI,Upper Midwest,Q4,0.6,0.6,0.0,0.0,0.0,0.0,30.0,30.0,0.0,0.0,0.0
2023,WV,Ohio Valley,Q2,1.25,8.58,0.11875,0.0,70.0,40.0,30.0,37.5,0.0,0.0,70.0
2023,WV,Ohio Valley,Q3,2.22,9.31,0.15625,70.0,67.5,30.0,40.0,65.0,50.0,0.0,43.333333333333336
2024,AK,Northwest,Q3,2.6,11.55,0.16,0.0,0.0,40.0,40.0,51.333333333333336,0.0,0.0,40.0
2024,AL,Southeast,Q1,0.0,0.0,0.0,0.0,0.0,0.0,30.0,30.0,0.0,0.0,30.0
2024,AL,Southeast,Q2,2.1616666666666666,5.15,0.29166666666666663,0.0,0.0,70.0,32.0,48.333333333333336,30.0,0.0,47.5
2024,AL,Southeast,Q3,2.6114285714285717,10.65,0.13214285714285715,0.0,0.0,40.0,56.0,70.83333333333333,50.0,0.0,42.5
2024,AL,Southeast,Q4,5.028333333333333,11.76,0.05833333333333333,0.0,0.0,40.0,50.0,74.0,90.0,0.0,30.0
2024,AR,South,Q2,4.305,10.6,0.0375,50.0,0.0,0.0,55.0,77.5,0.0,0.0,80.0
2024,AR,South,Q3,4.034,18.5,0.05999999999999999,44.285714285714285,30.0,50.0,65.71428571428571,73.33333333333333,90.0,0.0,30.0
2024,AR,South,Q4,2.314,4.83,0.02,0.0,0.0,0.0,37.5,54.0,0.0,0.0,0.0
2024,CA,West,Q1,2.805,7.65,0.9500000000000001,46.666666666666664,0.0,0.0,63.333333333333336,70.0,30.0,0.0,75.0
2024,CA,West,Q2,0.8444444444444444,3.05,0.39722222222222225,30.0,30.0,60.0,48.333333333333336,53.888888888888886,40.0,0.0,58.0
2024,CA,West,Q4,1.1375,2.73,1.2125,30.0,0.0,0.0,42.5,47.5,46.666666666666664,40.0,30.0
2024,CO,Southwest,Q3,3.2766666666666664,10.67,0.03333333333333333,35.0,0.0,70.0,42.5,64.44444444444444,0.0,0.0,30.0
2024,CO,Southwest,Q4,5.398000000000001,7.63,0.0,73.33333333333333,0.0,30.0,56.0,70.0,70.0,0.0,0.0
2024,DE,Northeast,Q2,1.24,1.93,0.42142857142857143,0.0,0.0,30.0,34.285714285714285,58.57142857142857,43.333333333333336,0.0,63.333333333333336
2024,DE,Northeast,Q3,2.4375,8.31,0.0625,30.0,0.0,50.0,40.0,60.0,47.5,0.0,90.0
2024,FL,Southeast,Q1,1.6079999999999999,6.27,0.42000000000000004,30.0,0.0,30.0,45.0,52.0,56.666666666666664,0.0,73.33333333333333
2024,FL,Southeast,Q3,1.52,6.42,0.4,80.0,0.0,90.0,44.0,54.285714285714285,50.0,0.0,60.0
2024,FL,Southeast,Q4,3.111875,13.31,0.425,44.285714285714285,0.0,35.0,41.42857142857143,58.125,55.0,0.0,33.333333333333336
2024,GA,Southeast,Q1,1.3718181818181818,4.36,0.11818181818181818,40.0,0.0,30.0,42.22222222222222,50.0,66.66666666666667,0.0,56.666666666666664
2024,GA,Southeast,Q3,1.8800000000000001,6.61,0.38333333333333336,65.0,0.0,60.0,52.22222222222222,81.11111111111111,50.0,30.0,30.0
2024,GA,Southeast,Q4,1.335,4.08,0.5583333333333333,0.0,0.0,0.0,45.0,61.666666666666664,0.0,0.0,36.0
2024,HI,Hawaii,Q1,0.18999999999999997,0.98,1.1291666666666667,30.0,0.0,0.0,46.0,38.0,0.0,0.0,0.0
2024,HI,Hawaii,Q2,1.765,7.71,1.2208333333333334,0.0,0.0,0.0,0.0,0.0,0.0,0.0,0.0
2024,ID,Northwest,Q2,0.3277777777777778,1.16,0.47777777777777775,0.0,0.0,42.0,38.0,41.111111111111114,63.333333333333336,0.0,42.0
2024,ID,Northwest,Q3,1.3246666666666667,5.79,0.19666666666666668,80.0,0.0,0.0,33.84615384615385,38.0,30.0,0.0,38.0
2024,IL,Ohio Valley,Q2,1.1266666666666667,2.85,0.24444444444444446,0.0,0.0,40.0,40.0,62.5,62.5,30.0,44.0
2024,IL,Ohio Valley,Q3,4.447272727272727,22.62,0.018181818181818184,50.0,0.0,56.666666666666664,61.25,68.18181818181819,60.0,0.0,30.0
2024,IL,Ohio Valley,Q4,11.16,11.16,0.05,80.0,0.0,0.0,60.0,90.0,0.0,0.0,30.0
2024,IN,Ohio Valley,Q2,1.1533333333333333,2.52,0.3,0.0,0.0,30.0,30.0,46.666666666666664,0.0,0.0,42.5
2024,IN,Ohio Valley,Q3,3.6149999999999998,12.42,0.05357142857142857,53.75,0.0,80.0,47.27272727272727,60.0,50.0,0.0,40.0
2024,IN,Ohio Valley,Q4,2.0675,2.92,0.0,40.0,0.0,0.0,30.0,67.5,60.0,0.0,30.0
2024,KY,Ohio Valley,Q2,1.16,5.09,0.5166666666666667,0.0,34.0,50.0,40.0,48.888888888888886,30.0,0.0,38.0
2024,KY,Ohio Valley,Q3,0.0,0.0,0.0,0.0,0.0,0.0,0.0,0.0,0.0,0.0,0.0
2024,LA,South,Q2,0.96375,4.94,0.7229166666666668,30.0,0.0,80.0,38.18181818181818,42.083333333333336,48.0,0.0,30.0
2024,MA,Northeast,Q2,0.8344444444444444,2.23,0.9555555555555555,0.0,31.666666666666668,56.666666666666664,35.0,41.111111111111114,55.0,0.0,40.0
2024,MA,Northeast,Q3,5.667692307692307,53.61,0.21538461538461537,90.0,0.0,80.0,38.46153846153846,66.92307692307692,75.0,30.0,0.0
2024,MA,Northeast,Q4,5.055,7.29,0.025,0.0,0.0,0.0,45.0,75.0,50.0,0.0,0.0
2024,MD,Northeast,Q2,0.9661538461538461,4.15,0.1,60.0,46.666666666666664,40.0,35.0,49.23076923076923,50.0,0.0,33.333333333333336
2024,MD,Northeast,Q3,1.8742857142857143,5.07,0.07142857142857142,30.0,0.0,0.0,38.333333333333336,57.142857142857146,0.0,0.0,0.0
2024,MD,Northeast,Q4,2.4775,5.61,0.17500000000000002,0.0,0.0,60.0,32.5,52.5,0.0,0.0,0.0
2024,ME,Northeast,Q2,1.27625,4.53,0.3125,0.0,40.0,30.0,50.0,55.0,80.0,0.0,57.5
2024,ME,Northeast,Q3,1.751875,7.91,0.7125,80.0,40.0,55.0,43.0,57.333333333333336,56.0,70.0,65.71428571428571
2024,MI,Upper Midwest,Q3,1.6488888888888888,8.1,0.26666666666666666,30.0,0.0,70.0,37.142857142857146,41.111111111111114,63.333333333333336,30.0,36.666666666666664
2024,MN,Upper Midwest,Q2,0.94,1.88,0.55,40.0,0.0,0.0,55.0,60.0,90.0,0.0,80.0
2024,MN,Upper Midwest,Q3,1.5252173913043479,12.54,0.11304347826086956,42.5,0.0,80.0,41.1764705882353,50.0,57.142857142857146,30.0,42.5
2024,MT,Northern Rockies & Plains,Q2,1.2909090909090908,5.14,0.5590909090909091,50.0,0.0,30.0,46.0,51.81818181818182,52.857142857142854,0.0,61.25
2024,MT,Northern Rockies & Plains,Q3,1.2858823529411765,5.39,0.2705882352941177,0.0,70.0,60.0,46.15384615384615,61.1764705882353,60.0,30.0,42.5
2024,NE,Northern Rockies & Plains,Q2,0.43333333333333335,1.3,0.26666666666666666,0.0,0.0,0.0,30.0,56.666666666666664,50.0,0.0,53.333333333333336
2024,NE,Northern Rockies & Plains,Q3,2.5384615384615383,15.88,0.21923076923076923,0.0,0.0,60.0,43.07692307692308,57.69230769230769,66.0,30.0,60.0
2024,NE,Northern Rockies & Plains,Q4,3.474,9.15,0.04,80.0,0.0,85.0,46.0,62.0,60.0,0.0,0.0
2024,NJ,Northeast,Q2,1.0813636363636363,4.11,1.05,30.0,38.333333333333336,56.666666666666664,35.38461538461539,45.45454545454545,30.0,0.0,53.333333333333336
2024,NM,Southwest,Q2,3.112,17.21,0.11500000000000002,60.0,0.0,60.0,50.0,49.0,65.0,0.0,36.0
2024,NM,Southwest,Q3,2.62,4.77,0.0,0.0,0.0,0.0,30.0,40.0,0.0,0.0,70.0
2024,NM,Southwest,Q4,7.714666666666667,21.15,0.016666666666666666,90.0,0.0,40.0,55.333333333333336,72.66666666666667,45.0,0.0,60.0
2024,NV,Southwest,Q2,1.24,1.24,0.05,0.0,0.0,0.0,60.0,70.0,0.0,0.0,0.0
2024,NV,Southwest,Q3,2.411,8.92,0.0,0.0,0.0,35.0,40.0,53.75,0.0,0.0,0.0
2024,NY,Northeast,Q2,0.33999999999999997,1.06,0.48750000000000004,30.0,36.666666666666664,50.0,38.0,45.0,40.0,0.0,46.0
2024,NY,Northeast,Q3,2.1558333333333333,6.17,0.39166666666666666,50.0,34.285714285714285,53.333333333333336,52.72727272727273,75.83333333333333,70.0,0.0,50.0
2024,NY,Northeast,Q4,5.5725,11.75,0.0875,57.5,0.0,30.0,52.5,82.5,56.666666666666664,0.0,30.0
2024,OH,Ohio Valley,Q3,2.11375,5.07,0.4625,30.0,0.0,50.0,35.0,51.25,0.0,0.0,30.0
2024,OR,Northwest,Q2,2.9783333333333335,9.32,0.3833333333333333,30.0,42.0,30.0,38.333333333333336,50.0,45.0,0.0,37.5
2024,OR,Northwest,Q3,1.9847058823529413,9.61,0.15588235294117647,45.0,35.0,50.0,34.0,48.23529411764706,70.0,0.0,37.5
2024,OR,Northwest,Q4,10.05,10.05,0.25,80.0,0.0,0.0,70.0,80.0,70.0,0.0,0.0
2024,PA,Northeast,Q2,0.9625,3.4,1.2875,0.0,40.0,53.333333333333336,36.0,48.75,30.0,0.0,45.0
2024,PA,Northeast,Q3,1.4955555555555557,3.95,0.10555555555555556,0.0,0.0,57.5,51.42857142857143,56.666666666666664,30.0,0.0,30.0
2024,RI,Northeast,Q2,0.8699999999999999,3.42,0.835,30.0,34.0,37.5,41.42857142857143,55.55555555555556,40.0,0.0,35.0
2024,RI,Northeast,Q3,1.956,4.04,0.6199999999999999,0.0,35.0,0.0,32.5,56.0,0.0,0.0,0.0
2024,RI,Northeast,Q4,9.782222222222222,21.52,0.8500000000000001,0.0,0.0,30.0,65.55555555555556,83.33333333333333,80.0,30.0,0.0
2024,SC,Southeast,Q2,2.0561904761904763,10.41,0.5833333333333334,0.0,32.5,47.5,44.11764705882353,51.904761904761905,64.28571428571429,0.0,49.285714285714285
2024,SD,Northern Rockies & Plains,Q3,1.2704761904761905,6.52,0.4666666666666667,0.0,0.0,0.0,48.333333333333336,53.80952380952381,70.0,56.666666666666664,55.0
2024,SD,Northern Rockies & Plains,Q4,7.846666666666667,13.12,1.8,60.0,0.0,0.0,70.0,76.66666666666667,66.66666666666667,30.0,0.0
2024,TN,Southeast,Q1,0.0,0.0,0.0,0.0,0.0,0.0,0.0,40.0,0.0,0.0,50.0
2024,TN,Southeast,Q2,0.6549999999999999,1.93,0.2333333333333333,0.0,0.0,35.0,40.0,36.666666666666664,40.0,0.0,47.5
2024,TX,South,Q1,0.7414285714285713,2.27,1.2285714285714284,0.0,0.0,33.333333333333336,50.0,50.0,35.0,0.0,65.0
2024,TX,South,Q2,0.7700000000000001,5.11,0.7714285714285715,60.0,0.0,30.0,36.0,42.857142857142854,42.5,0.0,61.666666666666664
2024,TX,South,Q3,2.272,3.9,0.02,70.0,0.0,30.0,52.0,52.0,30.0,0.0,30.0
2024,TX,South,Q4,0.8150000000000001,1.34,0.7625,70.0,0.0,0.0,32.5,50.0,60.0,0.0,0.0
2024,UT,Southwest,Q2,0.26857142857142857,1.25,1.7071428571428573,0.0,0.0,30.0,40.0,42.857142857142854,46.0,0.0,66.66666666666667
2024,UT,Southwest,Q3,2.895625,10.55,0.15625,80.0,0.0,30.0,47.142857142857146,56.25,48.0,0.0,50.0
2024,UT,Southwest,Q4,2.27,2.27,0.0,0.0,0.0,0.0,30.0,30.0,0.0,0.0,0.0
2024,VA,Southeast,Q2,3.043,8.67,0.4,0.0,33.333333333333336,45.0,56.666666666666664,60.0,80.0,0.0,50.0
2024,VA,Southeast,Q3,2.057,5.81,0.10500000000000001,0.0,0.0,70.0,42.22222222222222,58.0,30.0,0.0,30.0
2024,VA,Southeast,Q4,4.93,16.69,0.1875,60.0,0.0,80.0,30.0,52.5,0.0,0.0,30.0
2024,VT,Northeast,Q2,0.2414285714285714,0.85,1.0285714285714285,30.0,32.0,90.0,30.0,38.57142857142857,0.0,0.0,0.0
2024,VT,Northeast,Q3,2.6576470588235295,7.1,0.38235294117647056,30.0,33.333333333333336,60.0,40.0,53.529411764705884,46.666666666666664,0.0,75.0
2024,WA,Northwest,Q2,0.3046666666666667,0.76,0.8300000000000001,30.0,35.0,50.0,41.81818181818182,40.714285714285715,48.0,0.0,58.333333333333336
2024,WA,Northwest,Q3,3.6,10.44,0.19090909090909092,48.0,57.5,56.666666666666664,51.81818181818182,74.54545454545455,75.0,30.0,30.0
2024,WI,Upper Midwest,Q2,1.2185714285714284,3.82,0.35714285714285715,60.0,0.0,55.0,36.666666666666664,42.857142857142854,50.0,0.0,57.5
2024,WI,Upper Midwest,Q3,3.170714285714286,11.65,0.24285714285714285,60.0,0.0,70.0,43.07692307692308,57.857142857142854,50.0,0.0,61.666666666666664
2024,WI,Upper Midwest,Q4,2.3266666666666667,6.06,0.15,65.0,0.0,30.0,43.333333333333336,76.66666666666667,30.0,0.0,0.0
2024,WV,Ohio Valley,Q2,0.54,0.91,0.3166666666666667,0.0,30.0,70.0,30.0,36.666666666666664,30.0,0.0,50.0
2024,WV,Ohio Valley,Q3,0.9944444444444444,4.57,0.08055555555555556,0.0,45.0,55.0,31.53846153846154,52.22222222222222,40.0,0.0,51.666666666666664
2024,WV,Ohio Valley,Q4,1.8800000000000001,4.82,0.3666666666666667,0.0,0.0,55.0,30.0,46.666666666666664,0.0,0.0,0.0
2024,WY,Northern Rockies & Plains,Q2,2.45,2.45,0.25,0.0,0.0,0.0,70.0,90.0,0.0,0.0,0.0
2024,WY,Northern Rockies & Plains,Q3,1.64125,4.15,0.36875,0.0,0.0,30.0,62.5,68.75,66.66666666666667,50.0,60.0
