State_FIPS_code,State,Year,Low_Estimate_Total_kg,High_Estimate_Total_kg
1,Alabama,1992,3846682.2,6350791.3
1,Alabama,1993,3931573.9000000004,5229244.8
1,Alabama,1994,3982902.5,7120286.0
1,Alabama,1995,3754571.0,6312607.8
1,Alabama,1996,4717088.7,8423037.1
1,Alabama,1997,3351238.1,5769643.5
1,Alabama,1998,3191896.1,4762934.8
1,Alabama,1999,2375143.9,4574333.3
1,Alabama,2000,2204398.5,4188588.3000000003
1,Alabama,2001,2660673.4,4963570.5
1,Alabama,2002,2259970.3,4234470.2
1,Alabama,2003,2545965.2,3982127.9
1,Alabama,2004,2600792.8000000003,4719794.0
1,Alabama,2005,2719017.5,4149086.0
1,Alabama,2006,2679906.3,5678894.6
1,Alabama,2007,2276551.8,3317697.3
1,Alabama,2008,2486188.9,4303764.4
1,Alabama,2009,2391913.8,3482313.2
1,Alabama,2010,3030335.5,4014756.6
1,Alabama,2011,2667445.1,4387692.6
1,Alabama,2012,2888858.1,4147972.8000000003
1,Alabama,2013,3081718.9,4257030.5
1,Alabama,2014,3273246.1,5110349.9
1,Alabama,2015,3205979.1,4815193.5
1,Alabama,2016,3338587.3,4863000.399999999
1,Alabama,2017,3263917.4,4553395.4
1,Alabama,2018,3591280.8000000003,5404435.7
1,Alabama,2019,2691157.9999999995,3356175.7
4,Arizona,1992,2624464.9,13331519.700000001
4,Arizona,1993,1648835.6,3639261.5
4,Arizona,1994,2894815.2,3710253.8
4,Arizona,1995,4855725.899999999,8882664.7
4,Arizona,1996,3817899.6999999997,7196359.0
4,Arizona,1997,2424118.7,5680002.2
4,Arizona,1998,2202319.6999999997,4378385.1
4,Arizona,1999,2146106.5,3623173.8
4,Arizona,2000,1871606.4,3670118.3
4,Arizona,2001,1867338.9,3655287.6
4,Arizona,2002,2433057.1,4225728.6
4,Arizona,2003,1579851.8,3424887.2
4,Arizona,2004,2233459.7,3063207.2
4,Arizona,2005,2582364.0,3482725.2
4,Arizona,2006,2087441.4,2716744.9
4,Arizona,2007,2935101.7,3620411.2
4,Arizona,2008,1400189.2,2747742.9000000004
4,Arizona,2009,2771326.6,3411939.4
4,Arizona,2010,2193300.6,2989596.8
4,Arizona,2011,2598127.8,3477917.9
4,Arizona,2012,2480075.5,3146797.4
4,Arizona,2013,1642197.6,2543285.3
4,Arizona,2014,1321398.0999999999,1922044.2
4,Arizona,2015,1680106.9,2347428.3
4,Arizona,2016,1510097.2,2027849.7
4,Arizona,2017,1783509.6,2284609.0
4,Arizona,2018,2218739.9,9318547.9
4,Arizona,2019,584693.3,666311.0
5,Arkansas,1992,8631648.7,10923392.2
5,Arkansas,1993,10176624.700000001,11741472.7
5,Arkansas,1994,10699882.4,12748533.0
5,Arkansas,1995,10944999.9,13300794.2
5,Arkansas,1996,10939880.0,12391084.5
5,Arkansas,1997,11306084.6,12390023.3
5,Arkansas,1998,9348611.4,10299658.7
5,Arkansas,1999,8400398.1,9393138.4
5,Arkansas,2000,8381996.5,9471772.799999999
5,Arkansas,2001,8948111.5,10149123.5
5,Arkansas,2002,7720402.2,8452680.5
5,Arkansas,2003,7497005.5,8498790.9
5,Arkansas,2004,8073365.899999999,9196310.700000001
5,Arkansas,2005,7359473.899999999,8891045.0
5,Arkansas,2006,7987639.7,10259777.5
5,Arkansas,2007,7901592.4,9884914.5
5,Arkansas,2008,7208759.7,8774737.1
5,Arkansas,2009,6779548.5,7910995.299999999
5,Arkansas,2010,8517182.4,10414981.0
5,Arkansas,2011,9977409.2,11459939.4
5,Arkansas,2012,12293727.8,14458782.7
5,Arkansas,2013,12025892.9,13129204.299999999
5,Arkansas,2014,10938046.6,12954353.9
5,Arkansas,2015,10838667.9,12475749.2
5,Arkansas,2016,14019834.7,15215219.5
5,Arkansas,2017,14759942.1,16578628.3
5,Arkansas,2018,14364620.299999999,16071238.299999999
5,Arkansas,2019,9543537.7,10213029.999999998
6,California,1992,71516230.3,71516230.3
6,California,1993,78735809.60000001,78735809.60000001
6,California,1994,77912820.0,77912820.0
6,California,1995,81803954.3,81803954.3
6,California,1996,78236829.4,78236829.4
6,California,1997,83347958.89999999,83347958.89999999
6,California,1998,87775981.0,87775981.0
6,California,1999,83063518.2,83063518.2
6,California,2000,73511226.6,73511226.6
6,California,2001,59553620.5,59553620.5
6,California,2002,67077143.0,67077143.0
6,California,2003,65930173.8,65930173.8
6,California,2004,65989099.4,65989099.4
6,California,2005,69937041.2,69937041.2
6,California,2006,63729466.1,63729466.1
6,California,2007,59564850.199999996,59564850.199999996
6,California,2008,54413890.7,54413890.7
6,California,2009,52622680.5,52622680.5
6,California,2010,59147355.2,59147355.2
6,California,2011,66211060.6,66211060.6
6,California,2012,62749974.099999994,62749974.099999994
6,California,2013,62432143.699999996,62432143.699999996
6,California,2014,59780761.2,59780761.2
6,California,2015,65214962.2,65214962.2
6,California,2016,63457289.0,63457289.0
6,California,2017,60658072.1,60658072.1
6,California,2018,60813872.1,60813872.1
6,California,2019,6855428.7,6855428.7
8,Colorado,1992,2338875.5,8822122.2
8,Colorado,1993,2599136.1,4985762.2
8,Colorado,1994,3054188.6,6085525.7
8,Colorado,1995,3351276.4,5778795.0
8,Colorado,1996,3984609.9,7746824.8
8,Colorado,1997,4041903.1,7982806.9
8,Colorado,1998,3541579.5,6677379.2
8,Colorado,1999,3586899.0,5250987.1
8,Colorado,2000,2975483.5,4646057.7
8,Colorado,2001,6381301.399999999,9858279.7
8,Colorado,2002,5868169.9,8814412.9
8,Colorado,2003,5692346.7,7790775.2
8,Colorado,2004,4152223.6999999997,5569631.3
8,Colorado,2005,3037389.4,5532599.1
8,Colorado,2006,5695486.699999999,7311494.399999999
8,Colorado,2007,4314862.3,6289974.2
8,Colorado,2008,3039125.8,5194528.8
8,Colorado,2009,3385291.0999999996,6400767.5
8,Colorado,2010,5208784.2,7145751.1
8,Colorado,2011,4516695.9,7478152.7
8,Colorado,2012,5876632.4,8157550.8
8,Colorado,2013,6472102.4,9519097.8
8,Colorado,2014,6600284.1,9659865.5
8,Colorado,2015,5488757.1,8845375.4
8,Colorado,2016,7307585.7,8950739.7
8,Colorado,2017,7763955.1,10304790.299999999
8,Colorado,2018,6714893.0,9214770.6
8,Colorado,2019,5739367.4,6915271.800000001
9,Connecticut,1992,143694.5,237780.4
9,Connecticut,1993,228173.0,301401.1
9,Connecticut,1994,185426.5,264282.3
9,Connecticut,1995,311184.9,555427.5
9,Connecticut,1996,188620.0,319164.6
9,Connecticut,1997,244358.7,322841.3
9,Connecticut,1998,136439.4,167024.8
9,Connecticut,1999,161203.4,185779.5
9,Connecticut,2000,177019.69999999998,241262.5
9,Connecticut,2001,156713.0,179769.3
9,Connecticut,2002,79690.4,121138.8
9,Connecticut,2003,141753.1,182688.3
9,Connecticut,2004,182830.6,209781.0
9,Connecticut,2005,124422.3,135720.5
9,Connecticut,2006,163177.3,171329.0
9,Connecticut,2007,160406.6,179140.69999999998
9,Connecticut,2008,147110.5,170654.6
9,Connecticut,2009,132040.2,155165.4
9,Connecticut,2010,159479.9,168092.2
9,Connecticut,2011,108427.4,121598.6
9,Connecticut,2012,113751.6,128102.70000000001
9,Connecticut,2013,157518.3,165580.5
9,Connecticut,2014,95802.3,108149.6
9,Connecticut,2015,109235.0,113529.1
9,Connecticut,2016,95811.7,100542.9
9,Connecticut,2017,100532.0,105906.4
9,Connecticut,2018,177924.5,180045.0
9,Connecticut,2019,35592.1,38237.2
10,Delaware,1992,1509731.4,2072224.5
10,Delaware,1993,1464049.8,1763193.7
10,Delaware,1994,1119830.0,1572259.8
10,Delaware,1995,998659.4,1444632.7999999998
10,Delaware,1996,1267510.8,1819177.3
10,Delaware,1997,1125914.1,1499286.7
10,Delaware,1998,2132918.5,2650580.8
10,Delaware,1999,668508.1,835988.2
10,Delaware,2000,717103.8,965964.2000000001
10,Delaware,2001,921943.2,1373724.5999999999
10,Delaware,2002,573597.8,750233.6
10,Delaware,2003,571303.4,872081.0
10,Delaware,2004,620825.6,836036.2
10,Delaware,2005,621994.9,858021.2999999999
10,Delaware,2006,509950.10000000003,712128.4
10,Delaware,2007,479618.7,788089.7000000001
10,Delaware,2008,578412.5,698032.8
10,Delaware,2009,643117.8,811922.0
10,Delaware,2010,588941.8999999999,801679.2
10,Delaware,2011,614453.3,819582.5
10,Delaware,2012,482377.9,638935.5
10,Delaware,2013,454874.0,749530.9
10,Delaware,2014,688232.1000000001,895373.9
10,Delaware,2015,657465.7999999999,837852.2999999999
10,Delaware,2016,586365.9,801784.6
10,Delaware,2017,457145.39999999997,849104.7999999999
10,Delaware,2018,367148.1,619950.6
10,Delaware,2019,744171.4,925707.9
12,Florida,1992,25834719.9,26919791.8
12,Florida,1993,20008934.400000002,21872520.2
12,Florida,1994,37919927.4,41566744.5
12,Florida,1995,46706991.2,49872784.7
12,Florida,1996,43842371.7,45268590.0
12,Florida,1997,53056607.3,54839038.4
12,Florida,1998,44126571.3,45964804.300000004
12,Florida,1999,66181653.10000001,67473894.9
12,Florida,2000,44592289.0,46850163.599999994
12,Florida,2001,43482551.3,45616077.8
12,Florida,2002,41596485.4,43407166.5
12,Florida,2003,44558755.0,46372051.8
12,Florida,2004,45144672.5,47024289.800000004
12,Florida,2005,42836043.4,45642454.0
12,Florida,2006,32943324.8,36183325.1
12,Florida,2007,35054976.9,37509636.9
12,Florida,2008,31908046.7,33952982.699999996
12,Florida,2009,28475879.4,31645142.5
12,Florida,2010,27430764.299999997,30129489.5
12,Florida,2011,29656227.7,31772779.1
12,Florida,2012,30269307.3,33510540.4
12,Florida,2013,30613780.4,34146762.3
12,Florida,2014,24658816.9,26776997.4
12,Florida,2015,25717048.4,27428431.2
12,Florida,2016,23220840.400000002,24705438.7
12,Florida,2017,18906997.0,22095635.1
12,Florida,2018,17954495.7,21238144.1
12,Florida,2019,2040003.0999999999,2414275.3000000003
13,Georgia,1992,7436887.9,12938075.7
13,Georgia,1993,7748710.7,10947946.6
13,Georgia,1994,10979903.200000001,18395589.599999998
13,Georgia,1995,18722212.7,26979477.7
13,Georgia,1996,13345367.3,18092177.400000002
13,Georgia,1997,16315042.9,21649588.4
13,Georgia,1998,10524723.9,13693538.2
13,Georgia,1999,9287043.2,13314290.7
13,Georgia,2000,9482842.5,14576321.3
13,Georgia,2001,8790841.4,14842708.700000001
13,Georgia,2002,9375331.1,15034673.1
13,Georgia,2003,7922233.8,11550680.0
13,Georgia,2004,9750363.4,15055095.4
13,Georgia,2005,9725503.4,13996652.3
13,Georgia,2006,10497772.5,14720943.3
13,Georgia,2007,7991193.5,11359742.8
13,Georgia,2008,11977498.9,15704713.799999999
13,Georgia,2009,9399112.2,13141611.6
13,Georgia,2010,11058295.6,13543387.1
13,Georgia,2011,12765397.9,16636485.8
13,Georgia,2012,13686688.4,17034730.0
13,Georgia,2013,14116458.1,17404847.2
13,Georgia,2014,14175514.7,17733166.3
13,Georgia,2015,12480012.799999999,15035051.799999999
13,Georgia,2016,13813790.9,16814685.7
13,Georgia,2017,13792222.0,17135542.6
13,Georgia,2018,13293044.4,18572374.2
13,Georgia,2019,4340155.7,5375592.0
16,Idaho,1992,5480243.199999999,7156951.2
16,Idaho,1993,5727780.8,7239638.2
16,Idaho,1994,7519425.2,9302362.0
16,Idaho,1995,8223499.0,10284767.3
16,Idaho,1996,11353915.200000001,13840098.1
16,Idaho,1997,10316515.7,12929170.2
16,Idaho,1998,10857119.299999999,12223182.6
16,Idaho,1999,10016483.7,12244280.2
16,Idaho,2000,23734030.8,25434115.5
16,Idaho,2001,19455530.400000002,22261042.4
16,Idaho,2002,22277229.2,25887517.5
16,Idaho,2003,18439998.6,20948247.8
16,Idaho,2004,26129981.4,28483882.0
16,Idaho,2005,16086390.2,22381760.7
16,Idaho,2006,17758910.499999996,19261366.9
16,Idaho,2007,17218324.599999998,19935420.0
16,Idaho,2008,12371953.3,14337732.8
16,Idaho,2009,18721480.0,21157418.9
16,Idaho,2010,20861912.9,24825585.400000002
16,Idaho,2011,11033462.9,13010238.7
16,Idaho,2012,13617194.8,15491609.1
16,Idaho,2013,12850713.700000001,15929160.2
16,Idaho,2014,17107728.1,18750630.0
16,Idaho,2015,13546802.9,16102465.4
16,Idaho,2016,17492916.1,20355568.5
16,Idaho,2017,14659584.0,16797844.1
16,Idaho,2018,17705723.299999997,20669333.4
16,Idaho,2019,1541186.5,1897261.1
17,Illinois,1992,29136533.099999998,31623371.700000003
17,Illinois,1993,25440136.599999998,27542349.0
17,Illinois,1994,30406422.3,33606028.1
17,Illinois,1995,26753718.2,30836809.099999998
17,Illinois,1996,29610793.2,35440452.300000004
17,Illinois,1997,28090889.2,30526935.900000002
17,Illinois,1998,26722675.599999998,29139142.900000002
17,Illinois,1999,22894363.4,25529733.8
17,Illinois,2000,23195085.0,25232215.799999997
17,Illinois,2001,23421317.2,25568420.8
17,Illinois,2002,22780473.7,25516042.3
17,Illinois,2003,24198712.2,26204654.2
17,Illinois,2004,22178249.6,24222310.8
17,Illinois,2005,24459989.6,26906502.3
17,Illinois,2006,20799468.2,22349368.2
17,Illinois,2007,23921801.9,25802102.799999997
17,Illinois,2008,23333438.700000003,25693857.5
17,Illinois,2009,23431448.7,25264085.9
17,Illinois,2010,24438639.699999996,26356966.999999996
17,Illinois,2011,24213540.2,26250050.799999997
17,Illinois,2012,26341223.8,28406583.900000002
17,Illinois,2013,27809440.400000002,29341909.400000002
17,Illinois,2014,26914644.099999998,29529727.399999995
17,Illinois,2015,28951296.0,31256135.1
17,Illinois,2016,31759289.7,33575689.5
17,Illinois,2017,31744409.900000002,33569553.0
17,Illinois,2018,33333410.5,35479227.9
17,Illinois,2019,28339100.9,30154692.799999997
18,Indiana,1992,16441540.1,18106099.5
18,Indiana,1993,14579563.3,16172909.1
18,Indiana,1994,16392476.4,19013460.8
18,Indiana,1995,15282493.0,17541102.0
18,Indiana,1996,14524724.8,16966481.400000002
18,Indiana,1997,15174855.499999998,16611554.799999999
18,Indiana,1998,13790229.2,15811073.5
18,Indiana,1999,13414002.700000001,15223515.200000001
18,Indiana,2000,12898985.600000001,14452055.5
18,Indiana,2001,12787466.6,14566946.4
18,Indiana,2002,11698631.200000001,13537375.5
18,Indiana,2003,11912522.700000001,13649315.7
18,Indiana,2004,11566725.5,13022066.299999999
18,Indiana,2005,11940985.9,13546095.600000001
18,Indiana,2006,11261151.6,12703687.4
18,Indiana,2007,13989673.0,15527180.9
18,Indiana,2008,12359892.100000001,14392441.600000001
18,Indiana,2009,13023864.700000001,15209987.000000002
18,Indiana,2010,12689849.6,13903790.799999999
18,Indiana,2011,12245513.7,13768714.5
18,Indiana,2012,12418200.0,14108246.3
18,Indiana,2013,15220447.7,16446497.0
18,Indiana,2014,14813734.8,16661356.500000002
18,Indiana,2015,14955726.0,16526863.5
18,Indiana,2016,14260444.2,15695446.200000001
18,Indiana,2017,14468588.8,15928337.0
18,Indiana,2018,14663295.700000001,16101459.700000001
18,Indiana,2019,14413976.9,15614634.4
19,Iowa,1992,31003706.5,33042870.3
19,Iowa,1993,27046067.8,29542418.900000002
19,Iowa,1994,29129747.8,32586049.3
19,Iowa,1995,25087762.5,28313990.0
19,Iowa,1996,26953442.9,29959869.9
19,Iowa,1997,27166283.6,29095986.799999997
19,Iowa,1998,25173728.4,27972339.5
19,Iowa,1999,23454658.1,25924225.3
19,Iowa,2000,22144327.0,24168706.2
19,Iowa,2001,21671443.0,24148314.8
19,Iowa,2002,20457875.9,22944074.900000002
19,Iowa,2003,21654899.5,23482089.5
19,Iowa,2004,19160651.7,21581408.6
19,Iowa,2005,17388378.7,20460641.2
19,Iowa,2006,18684819.2,20291505.3
19,Iowa,2007,20727060.5,23284911.099999998
19,Iowa,2008,21457182.099999998,23750037.499999996
19,Iowa,2009,20601561.0,22609883.900000002
19,Iowa,2010,20976824.6,22843606.0
19,Iowa,2011,22694936.499999996,25247438.999999996
19,Iowa,2012,25090355.6,28032389.900000002
19,Iowa,2013,26257259.800000004,28401645.700000003
19,Iowa,2014,27740483.7,30424991.0
19,Iowa,2015,27549506.700000003,29496614.7
19,Iowa,2016,31166703.999999996,32865663.1
19,Iowa,2017,31647091.900000002,33185571.0
19,Iowa,2018,30218398.7,32088132.5
19,Iowa,2019,28124922.1,29916302.799999997
20,Kansas,1992,9419199.3,12433820.1
20,Kansas,1993,9473699.5,14898708.9
20,Kansas,1994,10946102.4,15443314.2
20,Kansas,1995,10051679.7,15025663.4
20,Kansas,1996,13434471.4,20423619.6
20,Kansas,1997,12464921.8,16556639.5
20,Kansas,1998,11650779.799999999,15243022.9
20,Kansas,1999,11943299.0,15872336.0
20,Kansas,2000,11325624.0,14306819.3
20,Kansas,2001,12194505.9,14592487.7
20,Kansas,2002,11140847.0,13570443.700000001
20,Kansas,2003,11527959.8,14218664.4
20,Kansas,2004,10821727.1,13577452.6
20,Kansas,2005,12977796.0,15098128.600000001
20,Kansas,2006,10198885.7,11906298.5
20,Kansas,2007,12103235.999999998,15039526.1
20,Kansas,2008,15688677.5,18712594.2
20,Kansas,2009,14990126.8,17750678.3
20,Kansas,2010,15958525.299999999,18779090.5
20,Kansas,2011,17345990.3,21673667.0
20,Kansas,2012,20416212.8,23798676.6
20,Kansas,2013,21809517.599999998,23835093.0
20,Kansas,2014,21088619.6,23535902.8
20,Kansas,2015,25128136.2,28013115.7
20,Kansas,2016,25502289.8,29655904.299999997
20,Kansas,2017,29374040.0,34959583.4
20,Kansas,2018,29808681.0,33314391.8
20,Kansas,2019,27167762.4,31258684.3
21,Kentucky,1992,4366574.4,6896841.6
21,Kentucky,1993,4151517.8,5347363.4
21,Kentucky,1994,4270527.0,5601810.600000001
21,Kentucky,1995,4342691.9,5468457.6
21,Kentucky,1996,4063417.1999999997,5359806.3
21,Kentucky,1997,4248734.6,5592478.1
21,Kentucky,1998,3906428.6,6336609.600000001
21,Kentucky,1999,3590361.6,4484267.1
21,Kentucky,2000,3325636.3,5262295.600000001
21,Kentucky,2001,3307256.9,4719021.8
21,Kentucky,2002,2700380.1,3859425.2
21,Kentucky,2003,2495759.1999999997,3330614.5
21,Kentucky,2004,2731063.9,3323463.1999999997
21,Kentucky,2005,2794109.4,3992456.0999999996
21,Kentucky,2006,3148073.4,3748780.6
21,Kentucky,2007,4157681.0,5236611.1
21,Kentucky,2008,3665403.5,4745945.2
21,Kentucky,2009,3539307.5,4271128.6
21,Kentucky,2010,3705738.9,4223384.8
21,Kentucky,2011,4719339.899999999,7220480.9
21,Kentucky,2012,4390077.7,8214510.9
21,Kentucky,2013,4206003.7,5657619.1
21,Kentucky,2014,5002507.399999999,6241897.399999999
21,Kentucky,2015,4594089.2,5435109.499999999
21,Kentucky,2016,5482606.5,6369532.9
21,Kentucky,2017,4782548.6,6114175.2
21,Kentucky,2018,5623332.499999999,6680743.699999999
21,Kentucky,2019,6572573.4,7254951.6
22,Louisiana,1992,10904792.2,14010642.799999999
22,Louisiana,1993,6086258.3,7595537.600000001
22,Louisiana,1994,8954377.3,10409700.4
22,Louisiana,1995,7978026.6,12981987.9
22,Louisiana,1996,8169060.9,11039816.5
22,Louisiana,1997,5451579.3,6682766.0
22,Louisiana,1998,6211054.8,7019375.3
22,Louisiana,1999,5744462.0,7587950.7
22,Louisiana,2000,4905223.2,5899674.7
22,Louisiana,2001,5300438.3,6323305.2
22,Louisiana,2002,4866817.9,5809403.8
22,Louisiana,2003,4317290.899999999,5222668.4
22,Louisiana,2004,4954059.2,6257686.3
22,Louisiana,2005,4506232.8,5799928.7
22,Louisiana,2006,4661507.8,6347468.8
22,Louisiana,2007,5061906.8,6945713.500000001
22,Louisiana,2008,3965797.7,5499476.0
22,Louisiana,2009,5386161.6,7765165.8
22,Louisiana,2010,5158034.8,6850515.7
22,Louisiana,2011,6032425.3,7454811.5
22,Louisiana,2012,5920326.500000001,7327448.7
22,Louisiana,2013,6088836.600000001,7068574.6
22,Louisiana,2014,6246971.2,7618481.8
22,Louisiana,2015,6586977.0,8304386.3
22,Louisiana,2016,6772077.100000001,7877231.9
22,Louisiana,2017,6267440.9,8089079.000000001
22,Louisiana,2018,6028580.2,7072024.999999999
22,Louisiana,2019,5861810.100000001,6867852.600000001
23,Maine,1992,756442.1,1322888.7
23,Maine,1993,516133.39999999997,823303.2999999999
23,Maine,1994,566620.6,1048374.8
23,Maine,1995,506985.7,734330.7
23,Maine,1996,738964.7000000001,934134.8
23,Maine,1997,590585.7,807922.1
23,Maine,1998,304937.2,441963.5
23,Maine,1999,471767.2,627538.4
23,Maine,2000,436038.3,547884.6
23,Maine,2001,445431.69999999995,629670.0
23,Maine,2002,341167.1,415388.0
23,Maine,2003,497690.60000000003,637751.5
23,Maine,2004,541899.8,645920.5
23,Maine,2005,400856.7,522146.89999999997
23,Maine,2006,424432.2,529588.3
23,Maine,2007,371341.2,652385.8
23,Maine,2008,378464.5,532120.9
23,Maine,2009,415575.69999999995,537351.6
23,Maine,2010,377943.1,664502.1
23,Maine,2011,371859.9,494105.3
23,Maine,2012,389346.2,515491.9
23,Maine,2013,376449.4,444804.4
23,Maine,2014,378252.3,461387.6
23,Maine,2015,318668.9,489659.10000000003
23,Maine,2016,430788.60000000003,478696.00000000006
23,Maine,2017,340403.3,356519.0
23,Maine,2018,312265.60000000003,406702.2
23,Maine,2019,62753.3,124336.0
24,Maryland,1992,2764979.5,3703791.1
24,Maryland,1993,1587524.2000000002,2350572.3
24,Maryland,1994,2735277.6999999997,3710963.9
24,Maryland,1995,1884580.9000000001,2712308.8000000003
24,Maryland,1996,5126908.0,8295741.8
24,Maryland,1997,1850698.3,2571946.2
24,Maryland,1998,1902438.7,2497432.1
24,Maryland,1999,1435031.7,1821292.2000000002
24,Maryland,2000,1617625.8,2094329.0999999999
24,Maryland,2001,1573781.4,2389269.9
24,Maryland,2002,1599614.2999999998,1911692.2
24,Maryland,2003,1554460.7,2104663.5
24,Maryland,2004,1531268.8,1921743.0
24,Maryland,2005,1346184.0,1663391.5
24,Maryland,2006,1585440.7000000002,1970925.5
24,Maryland,2007,1574624.2000000002,2054083.3
24,Maryland,2008,973417.2999999999,1264048.7
24,Maryland,2009,1577210.4000000001,1970654.3
24,Maryland,2010,1636724.3,2119133.7
24,Maryland,2011,1659614.2999999998,1940498.6
24,Maryland,2012,1608496.1,2133973.9
24,Maryland,2013,1778581.9,2201589.1
24,Maryland,2014,1792467.5,2311769.5
24,Maryland,2015,1545274.8,1895098.2
24,Maryland,2016,1906768.2999999998,2449358.0999999996
24,Maryland,2017,1681831.7999999998,2552226.9
24,Maryland,2018,1934159.9,2332842.1
24,Maryland,2019,1513667.6,1959925.6
25,Massachusetts,1992,259923.3,356676.7
25,Massachusetts,1993,348416.2,417816.3
25,Massachusetts,1994,512208.1,635650.7
25,Massachusetts,1995,1644390.2,1777591.0
25,Massachusetts,1996,346016.4,457489.9
25,Massachusetts,1997,202603.69999999998,289918.0
25,Massachusetts,1998,186964.6,239940.80000000002
25,Massachusetts,1999,217850.7,262296.8
25,Massachusetts,2000,191379.4,271921.6
25,Massachusetts,2001,224239.6,293809.3
25,Massachusetts,2002,185725.5,235940.2
25,Massachusetts,2003,206512.1,279047.7
25,Massachusetts,2004,169086.4,243439.0
25,Massachusetts,2005,213138.7,222935.9
25,Massachusetts,2006,190225.4,209794.4
25,Massachusetts,2007,195538.1,217360.4
25,Massachusetts,2008,204671.6,228852.1
25,Massachusetts,2009,204270.4,226827.0
25,Massachusetts,2010,186754.5,204416.9
25,Massachusetts,2011,164227.8,178205.0
25,Massachusetts,2012,155399.3,162738.3
25,Massachusetts,2013,218172.69999999998,231703.4
25,Massachusetts,2014,160718.0,177227.3
25,Massachusetts,2015,143297.0,150463.1
25,Massachusetts,2016,117839.6,125080.6
25,Massachusetts,2017,141636.9,147313.3
25,Massachusetts,2018,214260.7,218952.1
25,Massachusetts,2019,32452.4,34234.3
26,Michigan,1992,9904866.4,11439739.5
26,Michigan,1993,9746504.7,11189990.4
26,Michigan,1994,10854446.3,13762314.0
26,Michigan,1995,8759535.7,10545326.3
26,Michigan,1996,9162471.6,10727041.799999999
26,Michigan,1997,9993429.1,12865643.8
26,Michigan,1998,9297950.299999999,11292619.2
26,Michigan,1999,8112426.3,9794839.1
26,Michigan,2000,8501303.1,10295950.2
26,Michigan,2001,8872917.7,10754635.7
26,Michigan,2002,8139826.4,10207478.799999999
26,Michigan,2003,6818964.0,8001151.6
26,Michigan,2004,6849827.399999999,8461620.9
26,Michigan,2005,6970335.899999999,8210263.3
26,Michigan,2006,7058253.6,8316418.2
26,Michigan,2007,7655940.1,9181734.6
26,Michigan,2008,7676906.4,8945477.0
26,Michigan,2009,7399613.5,13214725.299999999
26,Michigan,2010,8291807.3,9666207.4
26,Michigan,2011,8029835.8,11400923.0
26,Michigan,2012,6834481.3,8877013.799999999
26,Michigan,2013,8133184.1,9632302.1
26,Michigan,2014,7023736.2,9137234.7
26,Michigan,2015,8626873.0,10459908.6
26,Michigan,2016,7256667.200000001,8254468.700000001
26,Michigan,2017,7719304.299999999,8995344.299999999
26,Michigan,2018,8840866.2,10736681.5
26,Michigan,2019,4736105.100000001,5448194.0
27,Minnesota,1992,17701026.8,23015822.7
27,Minnesota,1993,14784578.0,18646248.0
27,Minnesota,1994,16290846.8,22073759.7
27,Minnesota,1995,14602689.6,19660063.1
27,Minnesota,1996,15681402.8,19512024.6
27,Minnesota,1997,16028164.5,19114717.2
27,Minnesota,1998,14921938.2,17447423.2
27,Minnesota,1999,12154916.8,14872881.6
27,Minnesota,2000,12393531.9,14980256.8
27,Minnesota,2001,11941616.6,14797336.600000001
27,Minnesota,2002,11829238.6,14010044.9
27,Minnesota,2003,12372240.700000001,14944650.0
27,Minnesota,2004,12336278.5,17059532.7
27,Minnesota,2005,11366027.9,14241360.4
27,Minnesota,2006,11913643.9,14370303.399999999
27,Minnesota,2007,12706569.5,15047802.399999999
27,Minnesota,2008,13085009.299999999,15923336.0
27,Minnesota,2009,12998816.299999999,15244651.2
27,Minnesota,2010,13427771.1,14923730.0
27,Minnesota,2011,13355701.799999999,15630095.299999999
27,Minnesota,2012,15766970.000000002,18465238.7
27,Minnesota,2013,15655789.799999999,17669610.9
27,Minnesota,2014,13977027.200000001,17291642.5
27,Minnesota,2015,16122259.600000001,19014465.2
27,Minnesota,2016,18022183.5,20064904.7
27,Minnesota,2017,19060509.1,20922556.4
27,Minnesota,2018,18466725.1,20957005.9
27,Minnesota,2019,15417963.1,16814950.3
28,Mississippi,1992,7540909.600000001,10728858.9
28,Mississippi,1993,7620260.7,9221056.2
28,Mississippi,1994,8386881.4,10595911.6
28,Mississippi,1995,9266168.3,11395254.9
28,Mississippi,1996,7306685.6,10121648.0
28,Mississippi,1997,6306162.899999999,7554254.2
28,Mississippi,1998,6443584.1,7364890.7
28,Mississippi,1999,5868506.0,7174946.5
28,Mississippi,2000,5963564.1,8419613.0
28,Mississippi,2001,6506301.4,8123607.6
28,Mississippi,2002,5092219.899999999,6072129.600000001
28,Mississippi,2003,5308685.0,6312103.100000001
28,Mississippi,2004,5490209.699999999,6821930.2
28,Mississippi,2005,5268604.8,6730425.7
28,Mississippi,2006,6321489.9,8088929.6
28,Mississippi,2007,5582131.300000001,8060735.2
28,Mississippi,2008,5423595.3,6345657.100000001
28,Mississippi,2009,4202656.3,5537839.6
28,Mississippi,2010,5927803.4,7955516.1
28,Mississippi,2011,7486956.3,9335008.3
28,Mississippi,2012,7284762.199999999,8889342.6
28,Mississippi,2013,7889730.399999999,9271944.4
28,Mississippi,2014,7302769.2,9911791.2
28,Mississippi,2015,8414448.100000001,10083189.799999999
28,Mississippi,2016,6950962.3,8798127.4
28,Mississippi,2017,6700483.6,9378986.1
28,Mississippi,2018,8010227.800000001,9455990.5
28,Mississippi,2019,6705030.800000001,8282292.6
29,Missouri,1992,8364205.3,10497489.9
29,Missouri,1993,8028327.7,10218408.0
29,Missouri,1994,9550270.7,11787523.3
29,Missouri,1995,8053709.1,10811070.9
29,Missouri,1996,10373312.2,13458810.600000001
29,Missouri,1997,10806283.5,12675860.899999999
29,Missouri,1998,9813625.6,11267188.1
29,Missouri,1999,8754672.2,10063720.1
29,Missouri,2000,8967737.2,10363759.1
29,Missouri,2001,8730850.0,10213451.5
29,Missouri,2002,8529126.5,9723912.3
29,Missouri,2003,9097619.2,10476014.1
29,Missouri,2004,9203834.0,10475916.0
29,Missouri,2005,8648806.7,10361455.6
29,Missouri,2006,9023651.4,10421028.2
29,Missouri,2007,9498999.200000001,10893324.799999999
29,Missouri,2008,9088713.6,10588764.600000001
29,Missouri,2009,10062075.8,11374333.899999999
29,Missouri,2010,10904120.899999999,12239443.4
29,Missouri,2011,12570818.5,13545932.2
29,Missouri,2012,13034462.499999998,14347039.4
29,Missouri,2013,12467096.299999999,13871852.100000001
29,Missouri,2014,15097792.3,16987373.099999998
29,Missouri,2015,13961473.7,15404315.799999999
29,Missouri,2016,16193812.2,17706455.1
29,Missouri,2017,15603103.699999997,17399528.599999998
29,Missouri,2018,16081443.7,17475675.4
29,Missouri,2019,12813575.799999999,14205638.1
30,Montana,1992,2016727.6,3550193.9
30,Montana,1993,2472281.0999999996,3824198.0
30,Montana,1994,2459997.5,3792881.0
30,Montana,1995,2853351.5,5136393.8
30,Montana,1996,2962084.3000000003,5233536.3
30,Montana,1997,3534938.4,5372984.6
30,Montana,1998,3340474.8000000003,4291414.3
30,Montana,1999,2896886.2,5159992.6
30,Montana,2000,2512856.2,3817747.4000000004
30,Montana,2001,2748519.3,4680921.8
30,Montana,2002,2979780.8,4822629.8
30,Montana,2003,2924998.3,4343105.0
30,Montana,2004,2373408.7,4130796.0999999996
30,Montana,2005,2903414.0,4141825.4
30,Montana,2006,3320265.4,4326825.1
30,Montana,2007,3824979.6999999997,5305314.9
30,Montana,2008,3403310.5,4600316.3
30,Montana,2009,3213812.8000000003,4673287.8
30,Montana,2010,3867695.0,5128019.6
30,Montana,2011,3764188.8999999994,4720334.7
30,Montana,2012,4721349.5,5873460.5
30,Montana,2013,4374899.1,5694361.3
30,Montana,2014,5182314.300000001,6448000.100000001
30,Montana,2015,5970746.399999999,7752283.1
30,Montana,2016,6305778.7,8062772.4
30,Montana,2017,5384516.3,7313952.7
30,Montana,2018,6589367.8,8464191.3
30,Montana,2019,7095875.5,7567399.6
31,Nebraska,1992,16418801.899999999,18515009.9
31,Nebraska,1993,17094884.5,20205728.3
31,Nebraska,1994,19809761.1,23765086.599999998
31,Nebraska,1995,18606387.7,23745764.5
31,Nebraska,1996,17785375.3,21161701.9
31,Nebraska,1997,17456591.099999998,20182576.2
31,Nebraska,1998,16960858.7,20510409.6
31,Nebraska,1999,14134201.9,16747528.9
31,Nebraska,2000,15055526.6,17813006.2
31,Nebraska,2001,13612433.700000001,16301407.3
31,Nebraska,2002,12947654.799999999,16036572.0
31,Nebraska,2003,13126132.5,15306758.6
31,Nebraska,2004,13845069.8,16092308.6
31,Nebraska,2005,14108309.899999999,16757139.799999999
31,Nebraska,2006,14619274.500000002,16651395.0
31,Nebraska,2007,14045410.1,17684194.4
31,Nebraska,2008,16739202.399999999,18731237.3
31,Nebraska,2009,18934425.400000002,21101272.9
31,Nebraska,2010,17425790.1,19006470.0
31,Nebraska,2011,18789648.0,21603754.0
31,Nebraska,2012,22416397.6,24711592.799999997
31,Nebraska,2013,22487698.400000002,24694896.7
31,Nebraska,2014,20749453.0,23692095.7
31,Nebraska,2015,19596422.6,22752536.700000003
31,Nebraska,2016,23214895.3,26228049.299999997
31,Nebraska,2017,24809547.2,28673488.4
31,Nebraska,2018,23272649.3,26387323.8
31,Nebraska,2019,24375995.299999997,27121337.200000003
32,Nevada,1992,400827.2,578530.1
32,Nevada,1993,808503.2999999999,1094933.9
32,Nevada,1994,218441.6,362083.7
32,Nevada,1995,228835.2,828877.4
32,Nevada,1996,322633.7,801513.1
32,Nevada,1997,299822.2,530002.6
32,Nevada,1998,1010143.5,1251800.3
32,Nevada,1999,837445.3,1090885.1
32,Nevada,2000,823281.1,1105247.0
32,Nevada,2001,145053.8,632128.9
32,Nevada,2002,309990.2,570610.3
32,Nevada,2003,730682.7999999999,910081.7
32,Nevada,2004,1009088.1,1250253.5
32,Nevada,2005,980751.6,1096506.5999999999
32,Nevada,2006,639899.5,740856.0
32,Nevada,2007,638470.4,718404.4
32,Nevada,2008,688678.3,804098.5
32,Nevada,2009,795209.2,855934.6
32,Nevada,2010,690070.3,757787.2000000001
32,Nevada,2011,520015.9,613023.6
32,Nevada,2012,445695.0,571378.3
32,Nevada,2013,683200.3,768988.2
32,Nevada,2014,485107.2,586534.8
32,Nevada,2015,376792.89999999997,465409.2
32,Nevada,2016,357521.0,486300.9
32,Nevada,2017,419092.9,421425.2
32,Nevada,2018,174075.9,191970.4
32,Nevada,2019,94045.90000000001,96814.1
33,New Hampshire,1992,24795.7,78719.9
33,New Hampshire,1993,38159.7,105758.3
33,New Hampshire,1994,67259.1,133014.0
33,New Hampshire,1995,137988.3,178526.0
33,New Hampshire,1996,65783.5,113662.9
33,New Hampshire,1997,26297.6,78966.40000000001
33,New Hampshire,1998,75733.3,93743.7
33,New Hampshire,1999,104335.0,115306.3
33,New Hampshire,2000,75238.4,87409.2
33,New Hampshire,2001,116296.9,123097.9
33,New Hampshire,2002,75496.3,85156.09999999999
33,New Hampshire,2003,81232.2,99052.6
33,New Hampshire,2004,142231.1,147192.0
33,New Hampshire,2005,85616.09999999999,91194.9
33,New Hampshire,2006,57384.1,65514.9
33,New Hampshire,2007,74920.1,84135.3
33,New Hampshire,2008,77385.0,84681.8
33,New Hampshire,2009,76714.6,85943.5
33,New Hampshire,2010,69576.5,77017.4
33,New Hampshire,2011,53776.200000000004,56478.5
33,New Hampshire,2012,60764.5,66540.7
33,New Hampshire,2013,65285.799999999996,71103.1
33,New Hampshire,2014,52634.8,57813.3
33,New Hampshire,2015,51572.799999999996,54354.6
33,New Hampshire,2016,35672.0,39182.9
33,New Hampshire,2017,47344.200000000004,51345.1
33,New Hampshire,2018,51139.3,53551.2
33,New Hampshire,2019,17953.0,19804.5
34,New Jersey,1992,1078172.8,1507917.1
34,New Jersey,1993,1130896.0,1505720.5
34,New Jersey,1994,1484927.7,1828841.5
34,New Jersey,1995,1019318.3,1341840.4
34,New Jersey,1996,1644550.3,2053242.1
34,New Jersey,1997,1199397.3,1609316.8
34,New Jersey,1998,550600.3,1094850.0
34,New Jersey,1999,820115.7000000001,1010929.2
34,New Jersey,2000,800172.1,1060537.0
34,New Jersey,2001,586184.8,844750.7
34,New Jersey,2002,496807.4,697723.8
34,New Jersey,2003,619599.4,787200.2
34,New Jersey,2004,691968.9,889474.4
34,New Jersey,2005,518691.9,592281.6
34,New Jersey,2006,935735.3,1004059.7000000001
34,New Jersey,2007,624050.8,667874.8
34,New Jersey,2008,694064.6,814360.1
34,New Jersey,2009,572453.9,631028.6
34,New Jersey,2010,598359.3,686859.9
34,New Jersey,2011,452743.9,562664.6
34,New Jersey,2012,644774.0,701346.5
34,New Jersey,2013,663786.2,712348.9
34,New Jersey,2014,508657.0,593466.7999999999
34,New Jersey,2015,507347.8,550148.3
34,New Jersey,2016,329718.3,366455.5
34,New Jersey,2017,436093.8,494683.8
34,New Jersey,2018,416966.6,443070.1
34,New Jersey,2019,238019.4,248233.7
35,New Mexico,1992,1219485.2999999998,1725584.2
35,New Mexico,1993,673309.6,1303680.3
35,New Mexico,1994,644376.6,1219203.2
35,New Mexico,1995,715208.8,1457149.9
35,New Mexico,1996,547102.8,1602253.2
35,New Mexico,1997,1140391.9,2416829.6
35,New Mexico,1998,714127.0,1984845.9
35,New Mexico,1999,982429.6,2025238.2
35,New Mexico,2000,806786.6,1939204.5
35,New Mexico,2001,1701757.8,2390036.1
35,New Mexico,2002,1177487.7,1958087.9
35,New Mexico,2003,1091447.9000000001,1901630.2
35,New Mexico,2004,807897.0,2194039.4
35,New Mexico,2005,1233194.4,1861146.0
35,New Mexico,2006,1500289.9,2084296.1
35,New Mexico,2007,1466768.8,1887028.5999999999
35,New Mexico,2008,906249.1,1136951.1
35,New Mexico,2009,911185.1,1156111.0999999999
35,New Mexico,2010,1035223.5,1303925.0999999999
35,New Mexico,2011,800785.4,1166897.3
35,New Mexico,2012,913220.5,1444738.1
35,New Mexico,2013,1400852.4000000001,1916559.0
35,New Mexico,2014,1501657.0,2093911.4
35,New Mexico,2015,965666.2,1282586.7
35,New Mexico,2016,735056.1,971246.7
35,New Mexico,2017,1273285.7,1421168.1
35,New Mexico,2018,1655352.9,1724208.0
35,New Mexico,2019,660475.9,765385.9
36,New York,1992,4695637.7,6267345.4
36,New York,1993,4031938.2,4780852.1
36,New York,1994,4505394.8,5470579.2
36,New York,1995,3997759.8,5315707.9
36,New York,1996,5176319.0,6503107.7
36,New York,1997,4121316.3000000003,5142583.2
36,New York,1998,4942955.3,5910437.8
36,New York,1999,4258490.1,5362281.3
36,New York,2000,3905344.0,4927155.8
36,New York,2001,3540920.5,4392028.3
36,New York,2002,3665793.5,7039614.8
36,New York,2003,4114765.1999999997,4946977.1
36,New York,2004,3939990.5,5291585.5
36,New York,2005,3709101.0,4351020.7
36,New York,2006,4049602.4,5031760.7
36,New York,2007,3525842.3,4328361.2
36,New York,2008,3340711.2,4200057.0
36,New York,2009,3239763.3,4238574.3
36,New York,2010,3439237.6,4577566.899999999
36,New York,2011,3324845.7,4315662.4
36,New York,2012,3447138.1,4359217.9
36,New York,2013,3711421.8,4424136.7
36,New York,2014,3345460.1,4190037.6
36,New York,2015,2625883.2,3120134.5
36,New York,2016,3003185.1999999997,3607715.9
36,New York,2017,2992297.0,3817544.6999999997
36,New York,2018,3109674.3,3782844.9
36,New York,2019,1682928.3,2029873.7
37,North Carolina,1992,10649140.2,15165079.299999999
37,North Carolina,1993,8540115.5,10966847.6
37,North Carolina,1994,10872413.0,16214998.0
37,North Carolina,1995,9486599.8,12655235.4
37,North Carolina,1996,12465614.1,17618590.1
37,North Carolina,1997,14298111.200000001,18254165.8
37,North Carolina,1998,10384404.700000001,14491028.9
37,North Carolina,1999,9372497.7,11762334.5
37,North Carolina,2000,11326285.9,14464802.899999999
37,North Carolina,2001,9142235.3,12409091.9
37,North Carolina,2002,10350306.6,12069241.1
37,North Carolina,2003,7886335.6,10149210.0
37,North Carolina,2004,8815790.0,11012253.1
37,North Carolina,2005,7955030.2,9946191.2
37,North Carolina,2006,8272824.5,11280911.5
37,North Carolina,2007,10147048.1,13105904.2
37,North Carolina,2008,8644172.9,11251778.4
37,North Carolina,2009,9318788.6,11301782.6
37,North Carolina,2010,10497901.1,12163599.8
37,North Carolina,2011,13553244.4,17113097.4
37,North Carolina,2012,12383779.3,14834310.200000001
37,North Carolina,2013,11864551.9,13904464.8
37,North Carolina,2014,12450731.7,14823147.3
37,North Carolina,2015,11185966.5,13853227.200000001
37,North Carolina,2016,11132916.9,12680057.8
37,North Carolina,2017,10646849.1,13545787.6
37,North Carolina,2018,9912667.6,13362884.4
37,North Carolina,2019,5558412.199999999,6457506.800000001
38,North Dakota,1992,6395741.100000001,9547462.5
38,North Dakota,1993,5535352.2,8372197.1
38,North Dakota,1994,7556006.3,11644329.100000001
38,North Dakota,1995,6915046.7,10646210.0
38,North Dakota,1996,7663646.8,11486104.4
38,North Dakota,1997,7348320.5,10148957.0
38,North Dakota,1998,8521513.3,10593950.3
38,North Dakota,1999,6741646.2,9253788.5
38,North Dakota,2000,7027069.9,9109819.4
38,North Dakota,2001,6940849.3,8909028.5
38,North Dakota,2002,7383111.8,9458219.5
38,North Dakota,2003,7711363.7,10285534.6
38,North Dakota,2004,7794534.2,11036383.4
38,North Dakota,2005,8467634.3,10380833.3
38,North Dakota,2006,8117255.0,10189573.1
38,North Dakota,2007,8639645.9,10815379.9
38,North Dakota,2008,9229739.0,11100512.4
38,North Dakota,2009,9091180.3,11746210.200000001
38,North Dakota,2010,10045258.6,11715230.2
38,North Dakota,2011,9792126.1,12882669.0
38,North Dakota,2012,13915109.100000001,16139661.6
38,North Dakota,2013,12980939.299999999,15112526.8
38,North Dakota,2014,12790835.3,15164384.799999999
38,North Dakota,2015,13686492.4,16360310.8
38,North Dakota,2016,17378105.3,19694807.799999997
38,North Dakota,2017,18012238.400000002,24214658.099999998
38,North Dakota,2018,17383880.2,20340302.0
38,North Dakota,2019,14073591.7,15290983.200000001
39,Ohio,1992,12154002.700000001,13826413.6
39,Ohio,1993,10754345.799999999,12306714.1
39,Ohio,1994,14067214.9,16398786.1
39,Ohio,1995,11356230.9,13070411.5
39,Ohio,1996,9673419.6,11209280.4
39,Ohio,1997,11038835.9,12698457.899999999
39,Ohio,1998,9662641.6,11309951.5
39,Ohio,1999,8307820.8,9603745.1
39,Ohio,2000,8452832.2,9808568.6
39,Ohio,2001,8293573.0,9665527.2
39,Ohio,2002,7715523.099999999,9200507.5
39,Ohio,2003,8095243.9,9439124.200000001
39,Ohio,2004,8132078.8,9715665.0
39,Ohio,2005,8169286.100000001,9403263.0
39,Ohio,2006,7943909.5,9018840.2
39,Ohio,2007,8645462.9,10270249.1
39,Ohio,2008,8774350.5,10053819.9
39,Ohio,2009,8180509.0,9434295.7
39,Ohio,2010,8641537.3,9956945.1
39,Ohio,2011,9047649.299999999,10312632.7
39,Ohio,2012,9202261.799999999,10582999.1
39,Ohio,2013,9731847.4,11125610.5
39,Ohio,2014,10578891.000000002,12061656.8
39,Ohio,2015,9459692.1,10742178.4
39,Ohio,2016,10211000.500000002,11513857.399999999
39,Ohio,2017,10058566.700000001,11715268.399999999
39,Ohio,2018,10349487.1,11996616.6
39,Ohio,2019,7647358.199999999,8727955.6
40,Oklahoma,1992,2090591.2,3356728.1
40,Oklahoma,1993,1974348.0999999999,3282088.1999999997
40,Oklahoma,1994,3030361.6999999997,5053620.1
40,Oklahoma,1995,2142352.7,3963858.2
40,Oklahoma,1996,2739327.4,4716050.899999999
40,Oklahoma,1997,3221213.0,5204281.899999999
40,Oklahoma,1998,2634551.6,3621428.3
40,Oklahoma,1999,2800577.7,4338090.3
40,Oklahoma,2000,2749504.8,4016650.8
40,Oklahoma,2001,2606060.3,3805710.4
40,Oklahoma,2002,2736561.9,3611754.8
40,Oklahoma,2003,2746458.2,3750429.8000000003
40,Oklahoma,2004,3482594.3,4466669.2
40,Oklahoma,2005,2481211.6999999997,3316766.1
40,Oklahoma,2006,2635055.1,3611844.6999999997
40,Oklahoma,2007,2503082.7,3538584.4
40,Oklahoma,2008,2812165.1,3673930.1
40,Oklahoma,2009,3636330.0,4566022.6
40,Oklahoma,2010,3922658.1,4849849.3
40,Oklahoma,2011,3809478.3,4806088.6
40,Oklahoma,2012,3492395.2,4570189.5
40,Oklahoma,2013,3738811.0,4728715.4
40,Oklahoma,2014,4356548.4,5564911.3
40,Oklahoma,2015,5323336.5,6571485.0
40,Oklahoma,2016,4827586.1,5892095.7
40,Oklahoma,2017,6848335.2,8840972.0
40,Oklahoma,2018,6045941.3,7709577.4
40,Oklahoma,2019,5094611.0,5947832.9
41,Oregon,1992,3867260.9,6373730.7
41,Oregon,1993,4126482.8,7032090.699999999
41,Oregon,1994,4080053.0,8064945.600000001
41,Oregon,1995,3665463.3000000003,8856681.8
41,Oregon,1996,6623075.899999999,10060042.4
41,Oregon,1997,5322070.8,9863492.700000001
41,Oregon,1998,5420128.899999999,7363986.0
41,Oregon,1999,5392708.4,8576828.799999999
41,Oregon,2000,6156721.100000001,7815660.7
41,Oregon,2001,7312722.3,9786810.6
41,Oregon,2002,6329420.8,8144862.1
41,Oregon,2003,6870744.9,9895115.8
41,Oregon,2004,5654546.0,8918890.0
41,Oregon,2005,5411237.899999999,8124194.7
41,Oregon,2006,5895018.1,7789495.6
41,Oregon,2007,5718244.2,9101984.1
41,Oregon,2008,4323889.4,7095094.5
41,Oregon,2009,4153309.7,6590322.0
41,Oregon,2010,3989677.7,6796851.4
41,Oregon,2011,5080256.4,7163848.5
41,Oregon,2012,5695221.3,6799119.399999999
41,Oregon,2013,5403678.6,8194315.5
41,Oregon,2014,6724557.6,8314219.300000001
41,Oregon,2015,6195717.4,8183435.7
41,Oregon,2016,5507665.5,7538677.7
41,Oregon,2017,6391763.7,10037991.5
41,Oregon,2018,6172228.7,8877798.2
41,Oregon,2019,1338118.4000000001,1734812.4
42,Pennsylvania,1992,4491108.3,5786845.2
42,Pennsylvania,1993,4043438.4,5203639.1
42,Pennsylvania,1994,4469659.2,6039053.7
42,Pennsylvania,1995,4384274.8,5435409.9
42,Pennsylvania,1996,4323707.6,12021699.7
42,Pennsylvania,1997,4474025.199999999,5445111.2
42,Pennsylvania,1998,4284862.8,5302730.7
42,Pennsylvania,1999,4074490.9,4882032.899999999
42,Pennsylvania,2000,3937845.8,4816080.5
42,Pennsylvania,2001,3422701.1,4310690.5
42,Pennsylvania,2002,3080742.6,3747302.9
42,Pennsylvania,2003,3334707.0,4379596.0
42,Pennsylvania,2004,3693546.5,4495176.7
42,Pennsylvania,2005,3496121.4,4341869.4
42,Pennsylvania,2006,3627866.4,4491233.1
42,Pennsylvania,2007,4044109.0000000005,4792615.100000001
42,Pennsylvania,2008,2882409.1,3567356.6
42,Pennsylvania,2009,3472339.1999999997,4261904.8
42,Pennsylvania,2010,3422103.9,4129444.5
42,Pennsylvania,2011,3497087.7,4080663.3
42,Pennsylvania,2012,3944464.0,4866815.899999999
42,Pennsylvania,2013,3997990.4,4743085.2
42,Pennsylvania,2014,3747408.2,4698367.7
42,Pennsylvania,2015,3313403.4,3955932.3
42,Pennsylvania,2016,3083024.6,3825169.3
42,Pennsylvania,2017,3603324.5,4847060.2
42,Pennsylvania,2018,3428912.3,4009019.7
42,Pennsylvania,2019,2715435.6999999997,3187545.9
44,Rhode Island,1992,19932.0,27616.1
44,Rhode Island,1993,24591.5,29352.0
44,Rhode Island,1994,29451.8,31760.7
44,Rhode Island,1995,50226.3,54266.200000000004
44,Rhode Island,1996,51016.8,64894.5
44,Rhode Island,1997,13980.4,24770.4
44,Rhode Island,1998,26695.100000000002,28652.1
44,Rhode Island,1999,22434.899999999998,24603.5
44,Rhode Island,2000,22674.0,24760.0
44,Rhode Island,2001,21843.3,25725.8
44,Rhode Island,2002,13374.7,23033.7
44,Rhode Island,2003,18955.3,25896.5
44,Rhode Island,2004,22246.899999999998,26014.7
44,Rhode Island,2005,23179.6,24107.4
44,Rhode Island,2006,21417.8,23596.399999999998
44,Rhode Island,2007,19274.4,20612.6
44,Rhode Island,2008,17310.0,19599.1
44,Rhode Island,2009,17485.399999999998,19364.4
44,Rhode Island,2010,17160.8,18125.2
44,Rhode Island,2011,16316.1,17335.4
44,Rhode Island,2012,16642.9,17833.3
44,Rhode Island,2013,15059.2,16231.3
44,Rhode Island,2014,13344.7,14364.7
44,Rhode Island,2015,11164.8,11847.0
44,Rhode Island,2016,7705.1,8501.6
44,Rhode Island,2017,11355.3,11891.0
44,Rhode Island,2018,12546.5,12873.4
44,Rhode Island,2019,3077.9,3206.2000000000003
45,South Carolina,1992,3085187.0,5162654.2
45,South Carolina,1993,3052771.5,4265992.3
45,South Carolina,1994,4863606.5,6641935.5
45,South Carolina,1995,3371846.0,6170605.0
45,South Carolina,1996,6445838.8,11215811.2
45,South Carolina,1997,4623362.8,6118037.5
45,South Carolina,1998,4253010.4,6081660.2
45,South Carolina,1999,3295875.7,4195432.8
45,South Carolina,2000,4271018.6,5530507.3
45,South Carolina,2001,3922385.0,5081220.3
45,South Carolina,2002,3200357.1,3972750.3
45,South Carolina,2003,3155347.6999999997,3955413.5
45,South Carolina,2004,3529852.8,4558526.399999999
45,South Carolina,2005,3722942.9000000004,4681774.100000001
45,South Carolina,2006,3384486.3000000003,4351021.9
45,South Carolina,2007,2760978.4,4007619.3
45,South Carolina,2008,2928789.5,4156164.4
45,South Carolina,2009,3236551.7,4299684.8
45,South Carolina,2010,3424514.2,4313984.3
45,South Carolina,2011,4623932.7,6588768.399999999
45,South Carolina,2012,3541357.5,5018299.600000001
45,South Carolina,2013,3843174.9,4978576.100000001
45,South Carolina,2014,3784762.4,5008021.100000001
45,South Carolina,2015,4066002.5,5544147.7
45,South Carolina,2016,3639896.6,4910250.8
45,South Carolina,2017,3216108.0,4751073.1
45,South Carolina,2018,3618137.0,7364130.0
45,South Carolina,2019,1651562.5,2257130.6
46,South Dakota,1992,5774674.5,7322381.8
46,South Dakota,1993,5878404.3,7659226.8
46,South Dakota,1994,7481422.1,9974335.3
46,South Dakota,1995,5529279.899999999,8769476.3
46,South Dakota,1996,6840668.5,9627974.9
46,South Dakota,1997,6725636.5,9532859.4
46,South Dakota,1998,7450894.0,9205624.9
46,South Dakota,1999,6324460.5,8754621.700000001
46,South Dakota,2000,7616437.5,9899974.9
46,South Dakota,2001,6729613.0,9535418.7
46,South Dakota,2002,5781643.899999999,7710608.6
46,South Dakota,2003,6587063.4,9330751.3
46,South Dakota,2004,7393105.899999999,10001470.799999999
46,South Dakota,2005,6696824.499999999,8847131.4
46,South Dakota,2006,6047775.199999999,7146996.300000001
46,South Dakota,2007,7313807.3,8796800.0
46,South Dakota,2008,8260557.899999999,9976206.200000001
46,South Dakota,2009,8935384.5,10488199.7
46,South Dakota,2010,9133746.799999999,10317255.599999998
46,South Dakota,2011,9388441.9,11750383.0
46,South Dakota,2012,11002137.3,13168884.2
46,South Dakota,2013,12205226.6,13809510.3
46,South Dakota,2014,11474587.3,14373398.0
46,South Dakota,2015,13405423.2,15785753.7
46,South Dakota,2016,13942883.799999999,15718478.4
46,South Dakota,2017,13760279.399999999,16299204.8
46,South Dakota,2018,14017754.7,16888709.9
46,South Dakota,2019,10504075.299999999,11794288.999999998
47,Tennessee,1992,4014201.3,5631527.9
47,Tennessee,1993,3782281.3000000003,4843700.2
47,Tennessee,1994,3620536.4,5099027.6
47,Tennessee,1995,4779760.6,5995842.0
47,Tennessee,1996,4070892.3,5658508.8
47,Tennessee,1997,5358766.3,6666833.1
47,Tennessee,1998,3812908.7,4720386.7
47,Tennessee,1999,3764895.4,5108456.4
47,Tennessee,2000,3720074.8,4772666.0
47,Tennessee,2001,3415495.9,4375224.2
47,Tennessee,2002,3364464.9999999995,4320758.199999999
47,Tennessee,2003,3339946.1000000006,4119314.5999999996
47,Tennessee,2004,3265699.8,4403772.699999999
47,Tennessee,2005,3442707.1,4265876.8
47,Tennessee,2006,3514048.5,4627225.2
47,Tennessee,2007,3305046.5000000005,4319314.0
47,Tennessee,2008,3445178.1,4270393.6
47,Tennessee,2009,3805785.1,4635932.0
47,Tennessee,2010,3935192.5,5208500.600000001
47,Tennessee,2011,5077218.2,6605796.0
47,Tennessee,2012,5391025.6,7005761.2
47,Tennessee,2013,4443205.7,5674889.8
47,Tennessee,2014,5968248.600000001,7645557.2
47,Tennessee,2015,6634647.3,7864264.300000001
47,Tennessee,2016,6060916.2,7277567.2
47,Tennessee,2017,6087374.1,7716334.7
47,Tennessee,2018,6763935.3,8458531.4
47,Tennessee,2019,4327681.2,5321379.899999999
48,Texas,1992,13853319.9,19794311.6
48,Texas,1993,13044560.7,17573719.2
48,Texas,1994,12723862.0,18620615.3
48,Texas,1995,20311025.9,27382166.8
48,Texas,1996,12553999.200000001,17679526.6
48,Texas,1997,15263102.7,19953195.3
48,Texas,1998,16730769.1,21575706.4
48,Texas,1999,15456815.8,20816350.4
48,Texas,2000,16710140.200000001,21701482.8
48,Texas,2001,14444758.299999999,20023351.1
48,Texas,2002,15440938.7,19503419.3
48,Texas,2003,14268708.5,17676259.7
48,Texas,2004,15665362.6,20751027.7
48,Texas,2005,16611348.5,19575193.3
48,Texas,2006,11124133.700000001,14294083.799999999
48,Texas,2007,14542548.6,17703847.6
48,Texas,2008,14920611.599999998,17479749.900000002
48,Texas,2009,15764858.8,18530631.099999998
48,Texas,2010,19067790.599999998,21983246.9
48,Texas,2011,12893718.500000002,15904741.1
48,Texas,2012,19376933.2,22268394.9
48,Texas,2013,19592894.5,22173685.099999998
48,Texas,2014,20082523.5,22505464.8
48,Texas,2015,21732207.0,24827992.1
48,Texas,2016,23541381.1,26566719.0
48,Texas,2017,23902434.6,28047153.099999998
48,Texas,2018,26100005.8,30158850.6
48,Texas,2019,19272334.7,21224500.7
49,Utah,1992,536951.6,972641.9
49,Utah,1993,289163.7,761751.2
49,Utah,1994,391342.8,984591.0
49,Utah,1995,476842.5,1112007.2
49,Utah,1996,575694.2,1579780.5
49,Utah,1997,500374.5,1274381.2
49,Utah,1998,484560.0,944654.9
49,Utah,1999,364573.5,858884.5
49,Utah,2000,429220.9,696549.5
49,Utah,2001,261773.80000000002,750322.6
49,Utah,2002,356904.1,836773.0
49,Utah,2003,382761.8,679830.9
49,Utah,2004,520215.6,1126679.0999999999
49,Utah,2005,388711.1,728756.1
49,Utah,2006,302535.1,575653.3
49,Utah,2007,338216.0,547158.6
49,Utah,2008,276607.6,538369.9
49,Utah,2009,437435.0,693391.7999999999
49,Utah,2010,302513.8,570853.7
49,Utah,2011,272228.0,403021.8
49,Utah,2012,320266.0,605714.3
49,Utah,2013,382955.9,622652.0
49,Utah,2014,390904.1,796997.4
49,Utah,2015,328440.5,744198.1000000001
49,Utah,2016,321716.7,608451.1
49,Utah,2017,379930.5,682376.1
49,Utah,2018,338466.8,755255.4
49,Utah,2019,234779.1,327912.5
50,Vermont,1992,244969.6,299769.3
50,Vermont,1993,171591.3,270421.8
50,Vermont,1994,166550.6,226042.6
50,Vermont,1995,80517.40000000001,378394.89999999997
50,Vermont,1996,749310.2999999999,823401.1
50,Vermont,1997,133733.4,218728.30000000002
50,Vermont,1998,163067.2,246403.5
50,Vermont,1999,278472.2,304474.4
50,Vermont,2000,281325.8,313417.0
50,Vermont,2001,278138.7,320898.89999999997
50,Vermont,2002,142280.8,170867.9
50,Vermont,2003,188176.19999999998,212778.8
50,Vermont,2004,229530.40000000002,294170.3
50,Vermont,2005,161521.9,169082.3
50,Vermont,2006,119332.0,133432.9
50,Vermont,2007,187998.2,208043.6
50,Vermont,2008,235253.4,255991.5
50,Vermont,2009,185382.19999999998,217492.0
50,Vermont,2010,137455.0,137548.6
50,Vermont,2011,218971.1,222499.8
50,Vermont,2012,185847.9,192560.30000000002
50,Vermont,2013,227004.2,237092.2
50,Vermont,2014,164248.1,182372.9
50,Vermont,2015,199567.19999999998,204620.1
50,Vermont,2016,101964.2,114764.6
50,Vermont,2017,212987.3,223857.3
50,Vermont,2018,239242.9,246372.9
50,Vermont,2019,121049.7,129536.8
51,Virginia,1992,3331780.6,4501459.0
51,Virginia,1993,3127903.4,4371715.4
51,Virginia,1994,3681387.0,5213482.0
51,Virginia,1995,4150053.4,5762476.9
51,Virginia,1996,4640285.8,16485863.3
51,Virginia,1997,3926204.8000000003,5342439.9
51,Virginia,1998,3306937.9,4552264.4
51,Virginia,1999,3149249.4,3784022.1
51,Virginia,2000,3548220.8,4360464.3
51,Virginia,2001,2978984.8,4047482.9
51,Virginia,2002,2554843.9,3644796.3
51,Virginia,2003,2725410.0,3726368.2
51,Virginia,2004,2677976.1,3502086.2
51,Virginia,2005,2368512.3,3107654.4
51,Virginia,2006,3403630.5,4109996.1999999997
51,Virginia,2007,2534665.0,3329377.1999999997
51,Virginia,2008,2669607.8000000003,3426920.8000000003
51,Virginia,2009,2312927.4000000004,3277293.1999999997
51,Virginia,2010,2313915.4,2925371.9
51,Virginia,2011,3163898.8,3815264.4
51,Virginia,2012,2692108.0,3870715.9
51,Virginia,2013,3104237.9,3976557.1
51,Virginia,2014,3221348.4,4150834.9
51,Virginia,2015,3462597.4,4262542.4
51,Virginia,2016,2610439.8000000003,3172605.5
51,Virginia,2017,3025119.1,4436855.2
51,Virginia,2018,3192073.2,4162562.9
51,Virginia,2019,2260579.3,2702455.5
53,Washington,1992,6810764.4,11336585.799999999
53,Washington,1993,10512909.700000001,15635818.0
53,Washington,1994,8546813.8,12068995.9
53,Washington,1995,20430677.5,22813588.8
53,Washington,1996,23607395.700000003,29761710.5
53,Washington,1997,13281838.4,16256752.7
53,Washington,1998,13409871.9,16233240.8
53,Washington,1999,17151276.6,22282281.3
53,Washington,2000,17525080.0,21260351.3
53,Washington,2001,18323788.2,22027254.1
53,Washington,2002,15280346.799999999,20487506.6
53,Washington,2003,19078696.2,26196338.8
53,Washington,2004,20545977.0,32133250.4
53,Washington,2005,22004437.2,27204265.599999998
53,Washington,2006,21882171.599999998,28622565.2
53,Washington,2007,24151048.2,29885111.2
53,Washington,2008,17973440.4,21559559.7
53,Washington,2009,16771369.9,23802657.5
53,Washington,2010,17161212.5,23954291.8
53,Washington,2011,19612962.6,23227003.0
53,Washington,2012,22471871.7,27902831.2
53,Washington,2013,24837143.1,31234672.1
53,Washington,2014,21791231.3,26267125.8
53,Washington,2015,22958530.7,27919531.7
53,Washington,2016,30201742.5,34181130.099999994
53,Washington,2017,28170848.5,34762680.3
53,Washington,2018,28618880.1,36931716.4
53,Washington,2019,2801666.3,3308797.7
54,West Virginia,1992,501389.0,2099651.3
54,West Virginia,1993,251660.5,505872.89999999997
54,West Virginia,1994,348116.9,679691.0
54,West Virginia,1995,301064.2,467733.9
54,West Virginia,1996,659962.4,8510174.2
54,West Virginia,1997,369859.19999999995,539143.4
54,West Virginia,1998,339220.2,479482.7
54,West Virginia,1999,403512.8,505828.9
54,West Virginia,2000,394076.0,494313.1
54,West Virginia,2001,297905.6,389788.2
54,West Virginia,2002,487641.0,567349.0
54,West Virginia,2003,501561.80000000005,668932.3
54,West Virginia,2004,446276.0,548271.9
54,West Virginia,2005,319364.9,358764.8
54,West Virginia,2006,284596.9,326138.9
54,West Virginia,2007,222335.5,349279.7
54,West Virginia,2008,289172.9,308584.8
54,West Virginia,2009,292195.5,342263.7
54,West Virginia,2010,258579.1,328705.5
54,West Virginia,2011,236802.0,387421.4
54,West Virginia,2012,271968.4,349430.8
54,West Virginia,2013,288439.7,373317.1
54,West Virginia,2014,323749.2,385138.8
54,West Virginia,2015,285593.10000000003,362848.9
54,West Virginia,2016,161411.7,190609.6
54,West Virginia,2017,270807.5,294895.5
54,West Virginia,2018,262649.0,285971.3
54,West Virginia,2019,276039.9,306613.1
55,Wisconsin,1992,8571064.1,9686396.3
55,Wisconsin,1993,7477782.7,8977384.7
55,Wisconsin,1994,9975587.299999999,11397685.0
55,Wisconsin,1995,8496588.4,10253839.6
55,Wisconsin,1996,8424338.8,9789570.2
55,Wisconsin,1997,7864818.6,9243015.1
55,Wisconsin,1998,7845539.399999999,9315153.7
55,Wisconsin,1999,5894885.600000001,7231640.4
55,Wisconsin,2000,7809826.6,9250464.2
55,Wisconsin,2001,6934418.6,8289838.0
55,Wisconsin,2002,6465592.4,8017505.100000001
55,Wisconsin,2003,6029007.399999999,7715632.2
55,Wisconsin,2004,6445292.3,7969899.699999999
55,Wisconsin,2005,6628688.5,7710018.3
55,Wisconsin,2006,5880008.199999999,6933925.1
55,Wisconsin,2007,6904010.1,8431854.0
55,Wisconsin,2008,7797634.8,12414010.200000001
55,Wisconsin,2009,6841194.7,16360534.0
55,Wisconsin,2010,7710810.2,8711692.6
55,Wisconsin,2011,7188481.300000001,8403826.4
55,Wisconsin,2012,7855254.5,9294307.8
55,Wisconsin,2013,8411102.6,9395257.6
55,Wisconsin,2014,8283537.100000001,9753296.9
55,Wisconsin,2015,7151980.3,8240128.9
55,Wisconsin,2016,8306150.5,10018636.9
55,Wisconsin,2017,7844429.8,9953393.7
55,Wisconsin,2018,9351987.9,10901083.6
55,Wisconsin,2019,6694780.7,7365867.0
56,Wyoming,1992,773205.8,1145887.3
56,Wyoming,1993,726519.3,1432732.8
56,Wyoming,1994,658115.0000000001,1355633.3
56,Wyoming,1995,411469.9,1122148.1
56,Wyoming,1996,670373.2000000001,1284477.2
56,Wyoming,1997,806390.5,1885244.7
56,Wyoming,1998,334453.3,596956.8
56,Wyoming,1999,371275.4,969523.5
56,Wyoming,2000,340932.4,633994.5
56,Wyoming,2001,372585.5,676638.1
56,Wyoming,2002,490925.10000000003,763392.6
56,Wyoming,2003,389669.3,716232.9
56,Wyoming,2004,296456.3,770349.3
56,Wyoming,2005,240245.9,474895.2
56,Wyoming,2006,372481.10000000003,579875.0
56,Wyoming,2007,340264.2,655869.6
56,Wyoming,2008,292394.7,610084.5
56,Wyoming,2009,228692.0,418492.2
56,Wyoming,2010,249431.30000000002,501917.3
56,Wyoming,2011,209876.6,405791.4
56,Wyoming,2012,253260.9,528802.1
56,Wyoming,2013,279535.10000000003,511028.5
56,Wyoming,2014,380457.30000000005,555966.3
56,Wyoming,2015,326484.6,620398.0
56,Wyoming,2016,309321.8,491866.9
56,Wyoming,2017,408737.60000000003,651099.6
56,Wyoming,2018,330995.2,713911.7
56,Wyoming,2019,328393.4,539196.6
